_id,ballPossession,blockedShots,corners,fixtureId,fouls,goalkeeperSaves,offsides,passesAccurate,passesPercentage,redCards,rivalTeam,rivalTeamId,round,score,shotsInsidebox,shotsOffGoal,shotsOnGoal,shotsOutsidebox,side,teamId,teamName,totalPasses,totalShots,winnerId,yellowCards
64526a41076ac5fa166159db,62%,6,6,878055,10,2,0,446,88%,0,Celta Vigo,538,12,3-1,11,8,5,8,Home,723,Almeria,509,19,723,4
64526a40076ac5fa166159d8,61%,4,5,877987,4,3,2,445,83%,null,Osasuna,727,5,0-1,4,1,2,3,Home,723,Almeria,535,7,727,0
64526aaed11efa17079c330a,59%,5,11,878011,17,2,5,395,86%,null,Almeria,723,7,4-0,11,8,4,6,Home,531,Athletic Club,458,17,531,1
64526ab2d11efa17079c3313,65%,5,13,878202,9,1,4,390,78%,null,Getafe,546,27,0-0,10,8,3,6,Home,531,Athletic Club,499,16,-1,null
64526ab3d11efa17079c3317,53%,4,5,877989,9,1,5,364,81%,null,Elche,797,5,1-4,13,4,8,3,Away,531,Athletic Club,447,16,531,0
64526ab4d11efa17079c3319,59%,3,4,878037,11,2,2,443,84%,null,Getafe,546,10,2-2,8,7,4,6,Away,531,Athletic Club,528,14,-1,4
64526ae08ace44c8b91880a7,59%,5,4,878093,16,3,1,541,85%,1,Atletico Madrid,530,16,0-1,7,3,2,3,Away,529,Barcelona,633,10,529,3
64526ae28ace44c8b91880ab,72%,3,7,878166,11,3,5,499,89%,null,Almeria,723,23,1-0,12,9,1,1,Away,529,Barcelona,560,13,723,3
64526afd9476be0ce947c770,47%,5,9,877983,11,2,4,322,86%,null,Villarreal,533,5,1-0,11,6,5,5,Home,543,Real Betis,376,16,543,1
64526b049476be0ce947c780,54%,2,3,878008,3,3,1,357,82%,1,Celta Vigo,538,7,1-0,8,3,4,1,Away,543,Real Betis,435,9,538,3
64526b23c8ef9ca37ded3c65,33%,3,2,878197,12,4,5,145,61%,null,Almeria,723,26,1-1,5,3,4,5,Away,724,Cadiz,237,10,-1,4
64526b6f96ccbd22b7095004,41%,7,11,878207,11,1,4,253,76%,null,Barcelona,529,27,0-4,10,6,2,5,Home,797,Elche,332,15,529,null
64526b83b89451a3d9f2b46a,36%,5,7,877966,15,3,null,235,78%,1,Real Madrid,541,3,1-3,11,6,4,4,Home,540,Espanyol,303,15,541,null
64526b85b89451a3d9f2b471,30%,1,7,878117,18,3,2,175,70%,null,Real Betis,543,18,1-0,7,5,2,1,Home,540,Espanyol,251,8,540,3
64526b87b89451a3d9f2b475,56%,5,4,878199,11,1,4,365,80%,null,Celta Vigo,538,26,1-3,8,3,3,3,Home,540,Espanyol,455,11,538,2
64526b8cb89451a3d9f2b481,38%,3,1,878110,13,1,null,184,66%,null,Getafe,546,17,1-2,5,3,4,5,Away,540,Espanyol,279,10,540,3
64526a3f076ac5fa166159d7,32%,1,5,877967,18,4,4,172,70%,null,Sevilla,536,3,2-1,8,5,5,3,Home,723,Almeria,245,11,723,5
64526a43076ac5fa166159e0,52%,4,8,878145,12,4,3,303,74%,null,Real Betis,543,21,2-3,12,3,9,4,Home,723,Almeria,410,16,543,2
64526a46076ac5fa166159e7,45%,4,5,877961,16,2,3,291,81%,1,Elche,797,2,1-1,6,1,7,6,Away,723,Almeria,360,12,-1,4
64526aadd11efa17079c3307,37%,4,6,877952,11,0,6,225,75%,null,Valencia,532,2,1-0,6,6,2,6,Home,531,Athletic Club,301,12,531,5
64526ab8d11efa17079c3322,52%,3,9,878198,14,2,1,326,77%,null,Valladolid,720,26,1-3,12,7,6,4,Away,531,Athletic Club,425,16,531,2
64526aca6c07d8942f54a9b9,67%,11,12,878062,13,1,4,476,88%,0,Espanyol,540,13,1-1,16,9,7,11,Home,530,Atletico Madrid,540,27,-1,3
64526acd6c07d8942f54a9c2,65%,2,9,878231,7,0,6,578,89%,null,Almeria,723,29,2-1,9,10,7,10,Home,530,Atletico Madrid,650,19,530,3
64526ad06c07d8942f54a9cb,63%,7,5,878076,17,2,4,507,87%,null,Mallorca,798,14,1-0,6,5,5,11,Away,530,Atletico Madrid,586,17,798,3
64526add8ace44c8b918809e,67%,1,10,878252,10,1,3,599,89%,null,Real Betis,543,32,4-0,9,8,6,6,Home,529,Barcelona,676,15,529,null
64526add8ace44c8b91880a0,59%,5,6,877957,9,4,1,495,90%,null,Real Sociedad,548,2,1-4,13,3,7,2,Away,529,Barcelona,549,15,529,1
64526ade8ace44c8b91880a1,54%,1,4,877975,14,4,2,372,83%,null,Sevilla,536,4,0-3,11,10,7,7,Away,529,Barcelona,447,18,529,4
64526aff9476be0ce947c773,55%,4,7,878046,10,1,2,474,85%,null,Atletico Madrid,530,11,1-2,12,9,4,5,Home,543,Real Betis,560,17,530,2
64526b1ac8ef9ca37ded3c4d,40%,1,4,878038,15,3,2,254,74%,null,Real Betis,543,10,0-0,8,9,3,5,Home,724,Cadiz,345,13,-1,1
64526b1ec8ef9ca37ded3c57,56%,6,11,878246,8,3,5,369,82%,null,Osasuna,727,31,0-1,16,10,4,4,Home,724,Cadiz,450,20,727,null
64526b9575dca6a696447c32,56%,5,4,878085,10,null,1,401,79%,null,Mallorca,798,15,2-0,9,3,6,5,Home,546,Getafe,508,14,546,null
64526b9b75dca6a696447c40,41%,1,2,878053,11,5,1,269,75%,1,Elche,797,12,0-1,6,4,3,2,Away,546,Getafe,359,8,546,3
64526b9e75dca6a696447c48,39%,1,2,878221,9,4,6,244,69%,null,Real Sociedad,548,28,2-0,4,1,4,2,Away,546,Getafe,354,6,548,1
64526bba632552cf20d9d1a5,28%,3,3,878248,7,1,2,218,79%,null,Real Madrid,541,31,4-2,10,5,5,3,Home,547,Girona,276,13,547,1
64526bc7d9009be332a5567d,58%,5,8,877998,12,null,2,352,85%,null,Cadiz,724,6,0-1,11,7,6,7,Home,720,Valladolid,413,18,724,1
64526bda86aced0fcf31cf28,47%,3,5,877958,22,1,4,277,79%,null,Real Betis,543,2,1-2,9,3,7,4,Home,798,Mallorca,350,13,543,7
64526bdc86aced0fcf31cf2e,37%,3,2,878076,14,5,1,264,75%,null,Atletico Madrid,530,14,1-0,3,3,3,6,Home,798,Mallorca,354,9,798,5
64526bdd86aced0fcf31cf31,26%,3,1,878137,29,1,1,164,73%,null,Real Madrid,541,20,1-0,2,null,1,2,Home,798,Mallorca,225,4,798,5
64526bfd06eac0ed960637c4,45%,1,7,878017,11,5,1,225,71%,2,Valencia,532,8,1-2,9,8,2,2,Home,727,Osasuna,318,11,532,3
64526c0106eac0ed960637ce,38%,2,5,878236,20,4,1,217,72%,null,Real Betis,543,30,3-2,8,3,5,2,Home,727,Osasuna,301,10,727,2
64526c0106eac0ed960637cf,51%,4,4,878256,12,6,null,309,76%,null,Real Sociedad,548,32,0-2,9,8,1,4,Home,727,Osasuna,404,13,548,3
64526c10c3be2bc67c60f7ed,49%,1,3,878141,16,5,4,297,73%,null,Almeria,723,20,2-0,4,3,11,11,Home,728,Rayo Vallecano,405,15,728,3
64526c12c3be2bc67c60f7f1,51%,4,8,878217,8,2,null,453,83%,1,Atletico Madrid,530,28,1-2,8,8,3,7,Home,728,Rayo Vallecano,549,15,530,null
64526c12c3be2bc67c60f7f3,40%,1,3,878249,10,4,1,228,72%,null,Barcelona,529,31,2-1,6,2,6,3,Home,728,Rayo Vallecano,318,9,728,1
64526c13c3be2bc67c60f7f5,46%,1,2,877955,17,1,2,321,81%,1,Espanyol,540,2,0-2,4,4,3,4,Away,728,Rayo Vallecano,395,8,728,5
64526c3097599a2a2b20bb82,47%,1,1,877993,16,3,null,451,89%,null,Atletico Madrid,530,6,1-2,4,2,3,2,Away,541,Real Madrid,507,6,541,2
64526c3397599a2a2b20bb8b,62%,5,3,878174,13,4,1,598,89%,null,Real Betis,543,24,0-0,9,5,5,6,Away,541,Real Madrid,672,15,-1,4
64526c49e8008754b6f1e007,67%,2,7,877984,16,1,null,425,84%,null,Getafe,546,5,2-1,9,5,6,4,Away,548,Real Sociedad,503,13,546,1
64526c5aac55677752a613d2,63%,5,4,878063,20,4,3,461,88%,1,Real Betis,543,13,1-1,13,11,6,9,Away,536,Sevilla,523,22,-1,5
64526c681d0c49ad78be889c,60%,2,6,878230,10,1,1,403,81%,1,Sevilla,536,29,0-2,8,8,3,5,Home,532,Valencia,500,13,536,1
64526c681d0c49ad78be889d,49%,4,6,878247,16,1,2,274,77%,null,Valladolid,720,31,2-1,10,9,6,9,Home,532,Valencia,357,19,532,null
64526c6a1d0c49ad78be88a1,55%,2,5,878017,19,1,2,301,76%,1,Osasuna,727,8,1-2,11,6,7,4,Away,532,Valencia,396,15,532,6
64526c6b1d0c49ad78be88a4,47%,6,2,878090,16,6,7,278,81%,null,Villarreal,533,15,2-1,9,3,4,4,Away,532,Valencia,345,13,533,4
64526c7457e05d08afd1d664,53%,2,6,877977,10,0,5,411,87%,null,Elche,797,4,4-0,17,6,10,1,Home,533,Villareal,472,18,533,1
64526b7496ccbd22b7095010,19%,4,2,878129,8,5,null,119,64%,1,Sevilla,536,19,3-0,4,1,1,2,Away,797,Elche,186,6,536,3
64526b82b89451a3d9f2b469,54%,4,9,877955,12,1,3,386,86%,1,Rayo Vallecano,728,2,0-2,7,8,1,6,Home,540,Espanyol,450,13,728,2
64526b8db89451a3d9f2b485,29%,3,4,878189,17,4,null,210,81%,null,Real Madrid,541,25,3-1,7,4,3,3,Away,540,Espanyol,260,10,541,2
64526bbb632552cf20d9d1a7,48%,null,3,877981,10,3,2,328,84%,null,Mallorca,798,4,1-1,3,6,4,7,Away,547,Girona,390,10,-1,2
64526bdb86aced0fcf31cf2b,28%,3,5,878007,9,2,2,226,80%,null,Barcelona,529,7,0-1,9,7,3,4,Home,798,Mallorca,283,13,529,2
64526bdf86aced0fcf31cf33,56%,6,6,878179,17,5,3,348,78%,null,Elche,797,24,0-1,5,5,3,9,Home,798,Mallorca,448,14,797,4
64526c11c3be2bc67c60f7ef,55%,6,7,878177,9,3,null,320,73%,null,Athletic Club,531,24,0-0,11,10,2,7,Home,728,Rayo Vallecano,436,18,-1,1
64526c12c3be2bc67c60f7f2,46%,4,2,878229,18,3,1,296,76%,null,Osasuna,727,29,2-1,8,5,3,4,Home,728,Rayo Vallecano,391,12,728,2
64526c13c3be2bc67c60f7f4,32%,null,null,877943,14,5,4,191,70%,null,Barcelona,529,1,0-0,3,2,2,1,Away,728,Rayo Vallecano,274,4,-1,6
64526a47076ac5fa166159e9,55%,2,2,878001,14,1,3,422,87%,null,Mallorca,798,6,1-0,3,4,3,6,Away,723,Almeria,485,9,798,6
64526a4b076ac5fa166159f3,43%,2,1,878211,12,3,null,308,77%,null,Celta Vigo,538,27,2-2,6,3,3,2,Away,723,Almeria,400,8,-1,5
64526aaed11efa17079c3308,67%,4,4,877972,12,1,3,467,84%,null,Espanyol,540,4,0-1,9,11,2,8,Home,531,Athletic Club,558,17,540,3
64526a44076ac5fa166159e3,67%,4,5,878197,12,3,3,381,81%,null,Cadiz,724,26,1-1,12,8,5,5,Home,723,Almeria,468,17,-1,1
64526a49076ac5fa166159ee,51%,5,2,878091,14,5,5,364,81%,null,Cadiz,724,15,1-1,11,4,10,8,Away,723,Almeria,450,19,-1,0
64526ab6d11efa17079c331f,51%,1,1,878146,17,7,2,330,79%,null,Valencia,532,21,1-2,11,7,3,0,Away,531,Athletic Club,416,11,531,2
64526acb6c07d8942f54a9bc,47%,4,4,878113,12,1,1,439,85%,null,Valladolid,720,18,3-0,15,6,8,3,Home,530,Atletico Madrid,519,18,530,1
64526ad98ace44c8b9188095,70%,6,9,878071,14,1,6,643,90%,null,Almeria,723,13,2-0,20,8,13,7,Home,529,Barcelona,713,27,529,2
64526adf8ace44c8b91880a3,72%,2,5,878007,13,3,1,715,93%,null,Mallorca,798,7,0-1,7,6,3,4,Away,529,Barcelona,770,11,529,4
64526b039476be0ce947c77f,50%,2,2,877976,12,2,3,456,88%,null,Real Madrid,541,4,2-1,4,2,4,4,Away,543,Real Betis,519,8,541,1
64526b1bc8ef9ca37ded3c50,50%,5,3,878103,11,4,1,287,73%,null,Elche,797,17,1-1,9,8,3,7,Home,724,Cadiz,392,16,-1,3
64526b1bc8ef9ca37ded3c51,42%,3,6,878122,13,2,null,243,70%,null,Mallorca,798,19,2-0,7,4,4,4,Home,724,Cadiz,345,11,724,2
64526b1fc8ef9ca37ded3c5a,42%,4,2,877979,23,2,1,299,78%,null,Celta Vigo,538,4,3-0,4,3,null,3,Away,724,Cadiz,382,7,538,2
64526b2be3e66554184c7fea,51%,5,2,877954,12,3,null,479,88%,null,Real Madrid,541,2,1-4,9,8,2,6,Home,538,Celta Vigo,543,15,541,2
64526b32e3e66554184c7ffc,42%,6,3,878013,9,4,4,334,81%,null,Barcelona,529,8,1-0,10,5,3,4,Away,538,Celta Vigo,411,14,529,4
64526b36e3e66554184c8006,70%,1,3,878218,9,null,2,539,89%,null,Sevilla,536,28,2-2,4,4,4,5,Away,538,Celta Vigo,607,9,-1,2
64526b6b96ccbd22b7094ff9,47%,3,5,877989,15,5,2,315,82%,null,Athletic Club,531,5,1-4,4,4,2,5,Home,797,Elche,385,9,531,3
64526b6b96ccbd22b7094ffb,38%,3,8,878034,14,3,null,382,88%,null,Real Madrid,541,10,0-3,8,4,3,2,Home,797,Elche,435,10,541,1
64526b6e96ccbd22b7095001,46%,6,10,878154,11,2,5,253,75%,1,Espanyol,540,22,0-1,14,8,5,5,Home,797,Elche,336,19,540,2
64526b7496ccbd22b7095011,28%,3,4,878149,13,9,2,233,77%,null,Real Madrid,541,21,4-0,5,4,null,2,Away,797,Elche,302,7,541,3
64526b83b89451a3d9f2b46b,59%,5,9,877985,11,4,3,332,82%,null,Sevilla,536,5,2-3,12,9,5,7,Home,540,Espanyol,406,19,536,3
64526b84b89451a3d9f2b46e,41%,4,5,878047,13,2,1,304,84%,null,Elche,797,11,2-2,5,4,5,8,Home,540,Espanyol,362,13,-1,2
64526b87b89451a3d9f2b476,49%,1,8,878216,14,5,4,360,82%,1,Athletic Club,531,28,1-2,5,6,2,4,Home,540,Espanyol,441,9,531,6
64526b88b89451a3d9f2b477,57%,3,6,878239,8,2,3,314,80%,null,Cadiz,724,30,0-0,12,6,5,2,Home,540,Espanyol,393,14,-1,4
64526b88b89451a3d9f2b478,57%,3,6,878255,12,2,3,284,76%,null,Getafe,546,32,1-0,11,6,8,6,Home,540,Espanyol,372,17,540,4
64526a48076ac5fa166159ec,48%,5,4,878051,8,3,3,337,82%,0,Villarreal,533,11,2-1,8,6,4,7,Away,723,Almeria,412,15,533,1
64526a4a076ac5fa166159f2,44%,3,4,878191,11,3,1,285,80%,null,Sevilla,536,25,2-1,8,5,5,5,Away,723,Almeria,356,13,536,4
64526ab1d11efa17079c3312,37%,5,5,878182,13,1,2,231,72%,null,Barcelona,529,25,0-1,9,5,5,6,Home,531,Athletic Club,319,15,529,2
64526aca6c07d8942f54a9bb,41%,7,7,878093,8,1,2,337,79%,1,Barcelona,529,16,0-1,15,8,5,5,Home,530,Atletico Madrid,424,20,529,2
64526ad16c07d8942f54a9cd,48%,2,4,878126,7,4,3,381,80%,null,Osasuna,727,19,0-1,9,6,5,4,Away,530,Atletico Madrid,479,13,530,0
64526ad78ace44c8b918808f,68%,6,8,877943,16,2,4,489,87%,1,Rayo Vallecano,728,1,0-0,15,9,6,6,Home,529,Barcelona,560,21,-1,3
64526adb8ace44c8b9188099,65%,2,5,878152,15,4,1,540,90%,null,Cadiz,724,22,2-0,15,9,5,1,Home,529,Barcelona,597,16,529,2
64526ade8ace44c8b91880a2,70%,2,6,877990,13,null,3,482,85%,null,Cadiz,724,5,0-4,13,6,8,3,Away,529,Barcelona,568,16,529,3
64526adf8ace44c8b91880a4,57%,6,3,878026,14,1,4,488,89%,null,Real Madrid,541,9,3-1,12,7,5,6,Away,529,Barcelona,547,18,541,2
64526ae18ace44c8b91880a8,64%,4,6,878108,9,1,6,568,88%,null,Real Betis,543,17,1-2,11,6,3,2,Away,529,Barcelona,643,13,529,null
64526ae28ace44c8b91880ac,63%,3,3,878182,7,3,1,482,85%,null,Athletic Club,531,25,0-1,7,5,2,3,Away,529,Barcelona,565,10,529,1
64526afd9476be0ce947c76f,55%,2,2,877963,9,2,2,381,82%,1,Osasuna,727,3,1-0,5,4,1,2,Home,543,Real Betis,464,7,543,null
64526b1cc8ef9ca37ded3c53,42%,2,4,878164,19,1,2,186,62%,null,Rayo Vallecano,728,23,1-0,4,null,3,1,Home,724,Cadiz,302,5,724,3
64526b20c8ef9ca37ded3c5d,38%,null,1,878049,12,7,null,203,73%,2,Rayo Vallecano,728,11,5-1,2,3,null,1,Away,724,Cadiz,277,3,728,4
64526b2ce3e66554184c7fed,54%,2,1,878023,14,4,2,381,84%,1,Real Sociedad,548,9,1-2,3,5,3,7,Home,538,Celta Vigo,455,10,548,5
64526b30e3e66554184c7ff7,73%,6,7,878224,10,1,2,514,86%,1,Mallorca,798,29,0-1,7,3,3,5,Home,538,Celta Vigo,597,12,798,2
64526b34e3e66554184c8001,58%,4,6,878118,11,2,null,466,84%,null,Mallorca,798,18,1-0,2,3,3,8,Away,538,Celta Vigo,552,10,798,3
64526b6b96ccbd22b7094ffa,42%,2,5,878014,12,3,2,243,76%,1,Mallorca,798,8,1-1,4,3,2,3,Home,797,Elche,319,7,-1,4
64526b8cb89451a3d9f2b483,54%,3,5,878154,12,5,2,316,77%,null,Elche,797,22,0-1,9,4,4,2,Away,540,Espanyol,409,11,540,3
64526b9975dca6a696447c3d,44%,3,1,877997,15,4,null,302,80%,1,Osasuna,727,6,0-2,4,3,4,6,Away,546,Getafe,379,10,546,3
64526b9a75dca6a696447c3f,28%,1,null,878042,13,5,2,178,66%,null,Celta Vigo,538,11,1-1,2,2,1,2,Away,546,Getafe,271,4,-1,1
64526b9b75dca6a696447c42,42%,3,4,878099,16,3,2,306,77%,null,Sevilla,536,16,2-1,8,6,2,3,Away,546,Getafe,400,11,536,3
64526bbc632552cf20d9d1aa,66%,4,5,878036,14,4,3,381,85%,null,Almeria,723,10,3-2,11,5,5,3,Away,547,Girona,449,14,723,3
64526bbd632552cf20d9d1ae,31%,2,2,878121,15,8,5,189,72%,1,Villarreal,533,18,1-0,6,5,1,2,Away,547,Girona,263,8,533,5
64526bc9d9009be332a55682,39%,5,5,878089,7,5,5,318,82%,1,Real Madrid,541,15,0-2,5,5,4,9,Home,720,Valladolid,387,14,541,2
64526bdb86aced0fcf31cf2a,45%,null,5,878001,15,2,2,323,83%,null,Almeria,723,6,1-0,3,3,2,2,Home,798,Mallorca,389,5,798,3
64526be186aced0fcf31cf37,30%,5,5,878257,17,5,2,180,69%,1,Athletic Club,531,32,1-1,7,2,2,2,Home,798,Mallorca,260,9,-1,4
64526be486aced0fcf31cf40,38%,2,1,878109,19,3,7,245,73%,null,Osasuna,727,17,1-0,3,2,2,3,Away,798,Mallorca,336,6,727,3
64526bff06eac0ed960637c9,52%,2,5,878126,13,4,3,417,83%,null,Atletico Madrid,530,19,0-1,6,8,4,8,Home,727,Osasuna,500,14,530,1
64526c0206eac0ed960637d0,45%,2,4,877963,21,null,1,287,78%,null,Real Betis,543,3,1-0,7,8,2,5,Away,727,Osasuna,367,12,543,3
64526c0406eac0ed960637d6,49%,5,2,878088,15,null,1,282,72%,null,Real Sociedad,548,15,2-0,4,3,3,7,Away,727,Osasuna,393,11,548,1
64526c16c3be2bc67c60f7fd,38%,2,4,878131,18,3,3,248,77%,null,Villarreal,533,19,0-1,4,6,3,7,Away,728,Rayo Vallecano,323,11,728,3
64526c2c97599a2a2b20bb79,62%,1,7,878167,10,null,2,572,91%,null,Atletico Madrid,530,23,1-1,9,10,7,9,Home,541,Real Madrid,630,18,-1,3
64526c2d97599a2a2b20bb7a,71%,8,7,878189,12,2,null,585,92%,null,Espanyol,540,25,3-1,11,7,7,11,Home,541,Real Madrid,639,22,541,3
64526c2e97599a2a2b20bb7d,66%,3,8,878237,10,2,1,657,90%,null,Celta Vigo,538,30,2-0,10,9,5,7,Home,541,Real Madrid,728,17,541,1
64526c49e8008754b6f1e008,60%,1,2,878005,19,5,1,412,85%,null,Girona,547,7,3-5,8,5,5,3,Away,548,Real Sociedad,485,11,548,1
64526c4ae8008754b6f1e00b,68%,3,1,878081,12,2,4,658,90%,null,Sevilla,536,14,1-2,12,5,9,5,Away,548,Real Sociedad,732,17,548,2
64526c4be8008754b6f1e00c,56%,null,2,878096,14,1,9,409,83%,null,Almeria,723,16,0-2,8,3,6,1,Away,548,Real Sociedad,494,9,548,null
64526c4ce8008754b6f1e011,63%,4,2,878185,20,1,2,411,81%,1,Mallorca,798,25,1-1,5,2,2,3,Away,548,Real Sociedad,506,8,-1,2
64526c5dac55677752a613d8,63%,1,1,878195,10,2,2,429,82%,null,Getafe,546,26,2-0,4,6,4,7,Away,536,Sevilla,525,11,546,2
64526c6e1d0c49ad78be88aa,44%,3,2,878192,9,3,1,358,81%,null,Atletico Madrid,530,26,3-0,4,5,1,5,Away,532,Valencia,440,9,530,null
64526c7657e05d08afd1d669,53%,0,5,878090,12,3,2,325,83%,null,Valencia,532,15,2-1,9,6,8,5,Home,533,Villareal,393,14,533,1
64526ab5d11efa17079c331c,47%,7,6,878087,17,5,4,302,76%,0,Real Betis,543,15,0-0,6,3,0,4,Away,531,Athletic Club,397,10,-1,4
64526ac86c07d8942f54a9b5,46%,4,4,877982,11,2,0,384,83%,null,Celta Vigo,538,5,4-1,8,2,4,2,Home,530,Atletico Madrid,464,10,530,2
64526acb6c07d8942f54a9be,57%,5,6,878159,7,2,null,504,82%,null,Athletic Club,531,22,1-0,9,7,5,8,Home,530,Atletico Madrid,613,17,530,2
64526acd6c07d8942f54a9c1,54%,2,5,878203,20,2,3,453,85%,null,Real Betis,543,27,1-0,9,4,7,4,Home,530,Atletico Madrid,533,13,530,1
64526ad06c07d8942f54a9ca,59%,2,3,878056,12,4,null,433,87%,null,Cadiz,724,12,3-2,11,6,8,5,Away,530,Atletico Madrid,495,16,724,4
64526ad26c07d8942f54a9d0,50%,3,3,878187,12,4,3,458,85%,null,Girona,547,25,0-1,10,7,4,4,Away,530,Atletico Madrid,537,14,530,3
64526c4ce8008754b6f1e00f,56%,1,3,878144,17,4,1,398,82%,null,Espanyol,540,21,2-3,7,5,5,4,Away,548,Real Sociedad,488,11,548,1
64526c55ac55677752a613c3,58%,2,3,878099,13,1,5,473,84%,null,Getafe,546,16,2-1,7,4,5,4,Home,536,Sevilla,561,11,536,3
64526b039476be0ce947c77e,53%,1,2,877958,17,6,null,329,82%,null,Mallorca,798,2,1-2,7,4,3,1,Away,543,Real Betis,403,8,543,8
64526c57ac55677752a613ca,38%,3,5,878233,12,4,3,207,70%,null,Villarreal,533,30,2-1,10,10,4,7,Home,536,Sevilla,294,17,536,1
64526b089476be0ce947c789,65%,5,3,878168,9,null,2,455,87%,null,Elche,797,23,2-3,15,7,9,6,Away,543,Real Betis,524,21,543,1
64526c59ac55677752a613ce,41%,3,3,877985,14,3,1,222,74%,1,Espanyol,540,5,2-3,10,1,7,1,Away,536,Sevilla,298,11,536,5
64526c59ac55677752a613cf,54%,4,4,878000,12,6,6,386,85%,null,Villarreal,533,6,1-1,6,7,1,6,Away,536,Sevilla,455,12,-1,5
64526c6d1d0c49ad78be88a9,47%,4,2,878173,13,3,3,323,81%,null,Barcelona,529,24,1-0,9,8,1,4,Away,532,Valencia,398,13,529,null
64526c7d57e05d08afd1d67c,56%,2,7,878074,6,6,2,474,89%,null,Espanyol,540,14,0-1,7,5,3,3,Away,533,Villareal,532,10,533,3
64526b35e3e66554184c8004,36%,1,4,878178,12,5,2,224,70%,null,Osasuna,727,24,0-0,3,5,null,3,Away,538,Celta Vigo,322,6,-1,2
64526b6a96ccbd22b7094ff7,55%,5,6,877961,12,6,7,353,83%,null,Almeria,723,2,1-1,9,5,3,4,Home,797,Elche,423,13,-1,1
64526b7196ccbd22b709500a,28%,1,3,878009,19,4,null,137,63%,null,Rayo Vallecano,728,7,2-1,4,3,2,2,Away,797,Elche,218,6,728,8
64526b7596ccbd22b7095012,44%,5,7,878179,14,3,1,271,74%,null,Mallorca,798,24,0-1,10,4,6,5,Away,797,Elche,365,15,797,3
64526b7796ccbd22b7095016,51%,4,6,878245,12,8,2,337,80%,null,Celta Vigo,538,31,1-0,9,7,1,3,Away,797,Elche,420,12,538,null
64526a41076ac5fa166159da,34%,1,4,878036,14,3,1,164,70%,null,Girona,547,10,3-2,11,5,7,2,Home,723,Almeria,235,13,723,1
64526aaed11efa17079c3309,39%,2,2,877992,13,0,3,235,74%,null,Rayo Vallecano,728,6,3-2,11,5,7,3,Home,531,Athletic Club,318,14,531,1
64526ab0d11efa17079c330e,60%,4,14,878092,8,1,6,376,78%,null,Osasuna,727,16,0-0,6,10,3,11,Home,531,Athletic Club,482,17,-1,0
64526ab1d11efa17079c3311,60%,7,11,878162,17,3,4,408,84%,null,Girona,547,23,2-3,12,7,3,5,Home,531,Athletic Club,486,17,547,5
64526ac96c07d8942f54a9b7,45%,4,8,878012,12,3,0,433,86%,null,Girona,547,8,2-1,11,2,7,2,Home,530,Atletico Madrid,505,13,530,3
64526acb6c07d8942f54a9bd,63%,4,8,878133,11,0,3,522,83%,null,Getafe,546,20,1-1,8,4,4,4,Home,530,Atletico Madrid,630,12,-1,3
64526adb8ace44c8b918809a,53%,5,5,878173,11,1,1,386,83%,1,Valencia,532,24,1-0,7,4,4,6,Home,529,Barcelona,463,13,529,null
64526b039476be0ce947c77d,58%,3,2,878244,13,3,2,354,77%,null,Real Sociedad,548,31,0-0,8,7,1,3,Home,543,Real Betis,459,11,-1,1
64526b049476be0ce947c781,41%,1,1,878021,16,3,1,282,79%,1,Valladolid,720,8,0-0,4,2,1,null,Away,543,Real Betis,356,4,-1,1
64526b069476be0ce947c786,70%,5,4,878117,8,1,1,545,89%,null,Espanyol,540,18,1-0,7,4,4,6,Away,543,Real Betis,614,13,540,2
64526b19c8ef9ca37ded3c4a,30%,null,5,877990,12,4,3,142,65%,null,Barcelona,529,5,0-4,4,6,null,2,Home,724,Cadiz,219,6,529,null
64526b1cc8ef9ca37ded3c52,43%,5,5,878143,17,1,2,258,77%,null,Girona,547,21,2-0,7,4,3,5,Home,724,Cadiz,333,12,724,4
64526b1dc8ef9ca37ded3c55,50%,4,8,878205,9,3,2,211,64%,null,Sevilla,536,27,0-2,8,7,3,6,Home,724,Cadiz,329,14,536,3
64526b1fc8ef9ca37ded3c5b,42%,3,2,877998,19,6,2,235,75%,null,Valladolid,720,6,0-1,2,3,1,5,Away,724,Cadiz,312,7,724,4
64526b2ee3e66554184c7ff2,49%,3,2,878125,17,null,4,316,77%,null,Athletic Club,531,19,1-0,4,3,3,5,Home,538,Celta Vigo,411,9,538,2
64526b2ee3e66554184c7ff3,47%,3,7,878147,10,1,null,377,85%,null,Atletico Madrid,530,21,0-1,6,8,3,8,Home,538,Celta Vigo,446,14,530,2
64526b31e3e66554184c7ff9,46%,1,4,877970,13,3,1,366,81%,null,Girona,547,3,0-1,7,4,6,4,Away,538,Celta Vigo,452,11,538,1
64526b34e3e66554184c8003,45%,6,7,878160,12,2,3,303,80%,1,Real Sociedad,548,22,1-1,13,8,4,5,Away,538,Celta Vigo,379,18,-1,5
64526b9a75dca6a696447c3e,35%,2,1,878028,17,3,null,223,69%,null,Rayo Vallecano,728,9,0-0,3,1,3,3,Away,546,Getafe,323,6,-1,3
64526b8ab89451a3d9f2b47c,47%,null,3,878016,12,1,null,264,75%,null,Cadiz,724,8,2-2,7,3,6,2,Away,540,Espanyol,352,9,-1,4
64526b8ab89451a3d9f2b47d,35%,1,2,878041,15,4,4,174,63%,null,Osasuna,727,10,1-0,4,1,3,1,Away,540,Espanyol,276,5,727,2
64526b9875dca6a696447c3a,45%,3,4,878251,15,9,5,254,69%,1,Almeria,723,31,1-2,15,9,9,6,Home,546,Getafe,370,21,723,2
64526b9d75dca6a696447c47,35%,2,3,878202,9,3,1,172,61%,null,Athletic Club,531,27,0-0,8,7,1,2,Away,546,Getafe,284,10,-1,null
64526bb8632552cf20d9d1a1,52%,1,1,878161,10,2,2,365,79%,null,Almeria,723,22,6-2,12,5,8,2,Home,547,Girona,464,14,547,1
64526bbf632552cf20d9d1b1,61%,1,3,878175,11,3,2,366,76%,null,Getafe,546,24,3-2,2,1,7,7,Away,547,Girona,484,9,546,4
64526bd3d9009be332a55693,53%,2,1,878113,7,5,1,483,85%,null,Atletico Madrid,530,18,3-0,2,4,1,5,Away,720,Valladolid,567,7,530,1
64526bd4d9009be332a55695,53%,5,6,878153,15,8,3,324,82%,null,Real Betis,543,22,2-1,8,9,3,9,Away,720,Valladolid,397,17,543,5
64526c0406eac0ed960637d5,38%,1,3,878064,20,4,1,252,77%,null,Celta Vigo,538,13,1-2,4,3,4,4,Away,727,Osasuna,327,8,727,5
64526c0706eac0ed960637dd,58%,3,3,878204,17,1,null,307,77%,null,Mallorca,798,27,0-0,6,6,2,5,Away,727,Osasuna,400,11,-1,3
64526c2c97599a2a2b20bb78,72%,6,6,878149,5,null,2,753,92%,null,Elche,797,21,4-0,19,7,13,7,Home,541,Real Madrid,820,26,541,1
64526c2d97599a2a2b20bb7b,60%,5,9,878206,17,2,null,471,86%,null,Valladolid,720,27,6-0,25,7,17,4,Home,541,Real Madrid,546,29,541,null
64526c4be8008754b6f1e00e,39%,2,3,878123,19,7,2,360,85%,null,Real Madrid,541,19,0-0,5,3,3,3,Away,548,Real Sociedad,426,8,-1,4
64526b9d75dca6a696447c46,48%,6,6,878186,16,2,4,203,65%,1,Cadiz,724,25,2-2,11,null,10,5,Away,546,Getafe,313,16,-1,5
64526bb8632552cf20d9d19f,40%,2,4,878127,10,2,6,319,83%,null,Barcelona,529,19,0-1,6,4,2,2,Home,547,Girona,384,8,529,2
64526bbb632552cf20d9d1a9,55%,2,3,878012,13,5,2,541,89%,null,Atletico Madrid,530,8,2-1,4,5,4,7,Away,547,Girona,608,11,530,1
64526bbd632552cf20d9d1ad,56%,1,2,878095,16,4,5,396,86%,null,Espanyol,540,16,2-2,8,6,5,4,Away,547,Girona,458,12,-1,2
64526bbf632552cf20d9d1b3,41%,1,2,878212,14,4,4,293,80%,null,Barcelona,529,28,0-0,4,4,null,1,Away,547,Girona,368,5,-1,2
64526c0006eac0ed960637cb,64%,2,6,878178,12,null,1,467,83%,null,Celta Vigo,538,24,0-0,7,3,5,3,Home,727,Osasuna,565,10,-1,null
64526c0006eac0ed960637cd,62%,6,9,878219,15,null,2,399,84%,null,Elche,797,28,2-1,13,10,6,9,Home,727,Osasuna,474,22,727,1
64526c0406eac0ed960637d7,40%,2,1,878092,13,3,1,214,65%,null,Athletic Club,531,16,0-0,1,null,1,2,Away,727,Osasuna,328,3,-1,1
64526c55ac55677752a613c5,81%,4,5,878129,7,1,3,734,92%,null,Elche,797,19,3-0,14,10,8,8,Home,536,Sevilla,798,22,536,1
64526c5aac55677752a613d0,57%,null,3,878024,15,4,2,417,83%,null,Mallorca,798,9,0-1,1,3,1,3,Away,536,Sevilla,500,4,536,3
64526c5aac55677752a613d1,44%,5,3,878043,12,3,null,434,86%,null,Real Madrid,541,11,3-1,6,2,2,3,Away,536,Sevilla,502,9,541,4
64526c54ac55677752a613c2,32%,null,2,878081,9,7,null,248,76%,2,Real Sociedad,548,14,1-2,5,3,3,1,Home,536,Sevilla,328,6,548,2
64526c7857e05d08afd1d670,52%,5,4,878209,12,3,4,326,83%,1,Real Sociedad,548,27,2-0,13,7,4,3,Home,533,Villareal,391,16,533,5
64526c7c57e05d08afd1d678,60%,3,5,878003,8,2,1,400,83%,0,Cadiz,724,7,0-0,10,5,6,4,Away,533,Villareal,481,14,-1,3
64526b7096ccbd22b7095006,51%,1,3,878253,13,2,3,282,78%,null,Rayo Vallecano,728,32,4-0,14,8,9,4,Home,797,Elche,363,18,797,1
64526b7396ccbd22b709500d,49%,2,4,878068,10,9,null,336,83%,null,Valladolid,720,13,2-1,3,null,2,1,Away,797,Elche,407,4,720,null
64526b7796ccbd22b7095015,52%,2,4,878228,14,3,1,368,87%,1,Girona,547,29,2-0,7,6,5,6,Away,797,Elche,424,13,547,3
64526b84b89451a3d9f2b46d,49%,5,6,878025,13,2,2,285,76%,null,Valladolid,720,9,1-0,10,7,3,5,Home,540,Espanyol,374,15,540,1
64526b86b89451a3d9f2b472,40%,1,4,878138,9,2,1,238,74%,1,Osasuna,727,20,1-1,7,4,4,2,Home,540,Espanyol,320,9,-1,3
64526b9375dca6a696447c2b,42%,1,3,877949,14,2,null,305,79%,null,Atletico Madrid,530,1,0-3,6,9,null,4,Home,546,Getafe,385,10,530,2
64526b9375dca6a696447c2c,35%,2,1,877965,11,6,5,197,75%,null,Villarreal,533,3,0-0,4,4,2,4,Home,546,Getafe,263,8,-1,1
64526b9375dca6a696447c2d,33%,2,3,877984,9,5,1,171,68%,null,Real Sociedad,548,5,2-1,4,3,3,4,Home,546,Getafe,250,8,546,4
64526b9475dca6a696447c2e,44%,5,4,878002,23,4,1,245,77%,null,Valladolid,720,7,2-3,12,3,6,2,Home,546,Getafe,320,14,720,2
64526b9475dca6a696447c30,41%,5,7,878037,14,2,5,264,73%,null,Athletic Club,531,10,2-2,9,2,4,2,Home,546,Getafe,362,11,-1,6
64526b9575dca6a696447c31,53%,5,5,878070,15,4,1,342,81%,2,Cadiz,724,13,0-0,7,6,2,6,Home,546,Getafe,424,13,-1,6
64526b9675dca6a696447c34,38%,2,6,878128,25,1,null,252,73%,null,Real Betis,543,19,0-1,4,3,1,2,Home,546,Getafe,347,6,543,4
64526bb5632552cf20d9d199,40%,3,2,878005,9,null,null,246,78%,null,Real Sociedad,548,7,3-5,11,5,8,5,Home,547,Girona,316,16,548,3
64526bbe632552cf20d9d1b0,40%,1,3,878162,8,1,1,255,73%,null,Athletic Club,531,23,2-3,8,3,4,null,Away,547,Girona,351,8,547,5
64526bc8d9009be332a5567e,59%,3,3,878021,12,1,1,436,86%,null,Real Betis,543,8,0-0,4,6,3,8,Home,720,Valladolid,509,12,-1,1
64526bc8d9009be332a5567f,38%,1,3,878039,12,4,null,204,71%,null,Celta Vigo,538,10,4-1,6,1,7,3,Home,720,Valladolid,288,9,720,1
64526bcad9009be332a55685,50%,4,10,878151,13,4,2,291,79%,null,Osasuna,727,21,0-0,11,9,5,7,Home,720,Valladolid,370,18,-1,1
64526bced9009be332a55686,44%,3,9,878181,4,1,2,247,74%,null,Espanyol,540,24,2-1,8,7,5,7,Home,720,Valladolid,336,15,720,3
64526bd0d9009be332a5568c,32%,1,4,877962,8,5,3,221,73%,null,Barcelona,529,3,4-0,5,4,3,3,Away,720,Valladolid,304,8,529,2
64526be386aced0fcf31cf3d,32%,2,3,878048,19,2,1,188,69%,null,Valencia,532,11,1-2,8,3,5,2,Away,798,Mallorca,271,10,798,5
64526c0606eac0ed960637db,33%,null,2,878170,15,6,1,190,68%,null,Sevilla,536,23,2-3,10,7,4,1,Away,727,Osasuna,279,11,727,2
64526c0dc3be2bc67c60f7e6,72%,4,13,878009,5,1,2,455,85%,null,Elche,797,7,2-1,8,5,6,7,Home,728,Rayo Vallecano,535,15,728,1
64526c11c3be2bc67c60f7f0,47%,4,3,878201,15,2,2,286,76%,null,Girona,547,26,2-2,10,8,3,5,Home,728,Rayo Vallecano,375,15,-1,2
64526c15c3be2bc67c60f7fa,37%,6,6,878060,20,5,null,220,72%,null,Sevilla,536,12,0-1,9,4,5,6,Away,728,Rayo Vallecano,305,15,728,1
64526c2f97599a2a2b20bb80,49%,4,2,877954,8,1,1,475,88%,null,Celta Vigo,538,2,1-4,12,5,7,4,Away,541,Real Madrid,538,16,541,2
64526a40076ac5fa166159d9,37%,0,7,878019,22,3,4,175,67%,1,Rayo Vallecano,728,8,3-1,6,6,4,4,Home,723,Almeria,261,10,723,4
64526a44076ac5fa166159e1,28%,1,4,878166,13,1,3,141,64%,null,Barcelona,529,23,1-0,5,1,4,1,Home,723,Almeria,221,6,723,3
64526a46076ac5fa166159e8,48%,8,8,877980,20,5,4,242,75%,null,Valladolid,720,4,1-0,9,3,1,3,Away,723,Almeria,323,12,720,6
64526a48076ac5fa166159ed,30%,2,1,878071,13,10,1,222,72%,null,Barcelona,529,13,2-0,4,1,1,0,Away,723,Almeria,310,4,529,1
64526ab7d11efa17079c3321,45%,4,9,878177,17,2,2,268,73%,1,Rayo Vallecano,728,24,0-0,12,9,3,4,Away,531,Athletic Club,365,16,-1,null
64526adc8ace44c8b918809d,62%,3,3,878235,15,3,2,518,86%,null,Atletico Madrid,530,30,1-0,9,6,4,4,Home,529,Barcelona,605,13,529,4
64526add8ace44c8b918809f,76%,4,11,878264,7,2,3,563,89%,null,Osasuna,727,33,1-0,14,13,4,7,Home,529,Barcelona,635,21,529,null
64526b019476be0ce947c779,38%,1,5,878174,12,5,null,335,84%,null,Real Madrid,541,24,0-0,3,3,4,5,Home,543,Real Betis,398,8,-1,3
64526c4ce8008754b6f1e010,63%,4,8,878171,12,3,1,358,79%,null,Valencia,532,23,1-0,5,4,3,6,Away,548,Real Sociedad,451,11,532,3
64526b089476be0ce947c78a,43%,2,4,878188,11,3,1,318,84%,null,Villarreal,533,25,1-1,1,1,3,5,Away,543,Real Betis,380,6,-1,2
64526b18c8ef9ca37ded3c49,37%,4,null,877968,18,5,null,257,77%,null,Athletic Club,531,3,0-4,4,2,3,5,Home,724,Cadiz,334,9,531,2
64526b1dc8ef9ca37ded3c54,52%,2,2,878186,13,8,1,251,69%,1,Getafe,546,25,2-2,6,5,4,5,Home,724,Cadiz,362,11,-1,4
64526c651d0c49ad78be8894,33%,null,3,878057,13,1,1,212,77%,null,Barcelona,529,12,0-1,3,1,2,null,Home,532,Valencia,275,3,529,4
64526c661d0c49ad78be8897,57%,3,6,878120,8,1,5,384,80%,null,Almeria,723,18,2-2,12,7,6,4,Home,532,Valencia,482,16,-1,2
64526c661d0c49ad78be8898,49%,1,7,878146,11,1,3,291,76%,null,Athletic Club,531,21,1-2,9,9,8,9,Home,532,Valencia,383,18,531,2
64526b22c8ef9ca37ded3c62,58%,2,3,878132,12,5,3,411,85%,null,Athletic Club,531,20,4-1,9,10,3,6,Away,724,Cadiz,486,15,531,1
64526c6a1d0c49ad78be88a0,62%,1,4,878004,15,3,1,412,83%,1,Espanyol,540,7,2-2,7,6,5,5,Away,532,Valencia,499,12,-1,1
64526b2ce3e66554184c7fec,46%,2,5,878008,26,4,3,302,82%,null,Real Betis,543,7,1-0,5,5,4,6,Home,538,Celta Vigo,368,11,538,4
64526b2de3e66554184c7ff0,44%,8,5,878084,11,4,2,370,83%,null,Sevilla,536,15,1-1,11,4,5,6,Home,538,Celta Vigo,446,17,-1,2
64526b34e3e66554184c8002,45%,null,5,878135,13,4,6,290,76%,null,Real Betis,543,20,3-4,7,2,7,2,Away,538,Celta Vigo,380,9,538,3
64526c7e57e05d08afd1d67d,49%,0,3,878102,8,7,3,435,86%,null,Celta Vigo,538,17,1-1,0,2,1,3,Away,533,Villareal,503,3,-1,2
64526c7f57e05d08afd1d680,71%,3,10,878176,10,null,5,520,91%,null,Almeria,723,24,0-2,15,7,6,1,Away,533,Villareal,571,16,533,4
64526b6c96ccbd22b7094ffc,59%,null,6,878053,12,2,null,430,84%,null,Getafe,546,12,0-1,8,7,5,4,Home,797,Elche,514,12,546,null
64526b6d96ccbd22b7094ffe,57%,3,8,878098,15,6,2,362,75%,1,Celta Vigo,538,16,0-1,7,5,5,6,Home,797,Elche,484,13,538,3
64526b6f96ccbd22b7095003,55%,5,10,878184,19,null,1,277,77%,null,Valladolid,720,25,1-1,19,9,10,5,Home,797,Elche,361,24,-1,4
64526b7196ccbd22b7095008,47%,3,4,877977,9,6,2,356,88%,null,Villarreal,533,4,4-0,5,4,null,2,Away,797,Elche,403,7,533,3
64526b7196ccbd22b7095009,23%,null,null,877994,9,6,3,143,67%,1,Barcelona,529,6,3-0,1,null,1,null,Away,797,Elche,213,1,529,2
64526a44076ac5fa166159e2,29%,3,2,878176,11,4,0,172,75%,null,Villarreal,533,24,0-2,4,3,0,2,Home,723,Almeria,228,6,533,3
64526a47076ac5fa166159eb,45%,3,3,878031,7,3,3,363,84%,null,Real Betis,543,9,3-1,9,4,5,3,Away,723,Almeria,433,12,543,1
64526ab0d11efa17079c330d,43%,5,10,878072,21,0,3,256,75%,null,Valladolid,720,14,3-0,16,8,6,3,Home,531,Athletic Club,341,19,531,3
64526acf6c07d8942f54a9c9,45%,3,4,878046,17,3,0,385,83%,null,Real Betis,543,11,1-2,4,3,3,5,Away,530,Atletico Madrid,463,9,530,3
64526ad16c07d8942f54a9cc,45%,2,4,878105,12,2,3,342,78%,1,Almeria,723,17,1-1,10,3,7,2,Away,530,Atletico Madrid,440,12,-1,4
64526ada8ace44c8b9188096,78%,5,10,878083,11,null,null,583,91%,1,Espanyol,540,15,1-1,18,10,6,3,Home,529,Barcelona,640,21,-1,8
64526adc8ace44c8b918809c,59%,4,12,878212,14,null,1,440,86%,null,Girona,547,28,0-0,14,11,3,4,Home,529,Barcelona,513,18,-1,null
64526aff9476be0ce947c775,53%,1,2,878087,8,null,2,364,79%,1,Athletic Club,531,15,0-0,4,3,5,5,Home,543,Real Betis,463,9,-1,1
64526b079476be0ce947c788,48%,2,2,878145,10,7,5,317,78%,null,Almeria,723,21,2-3,10,3,7,2,Away,543,Real Betis,405,12,543,3
64526b19c8ef9ca37ded3c4b,40%,5,6,878003,13,7,3,236,79%,1,Villarreal,533,7,0-0,6,3,2,4,Home,724,Cadiz,300,10,-1,2
64526c621d0c49ad78be888e,46%,8,4,877951,18,1,1,285,81%,1,Girona,547,1,1-0,9,7,2,8,Home,532,Valencia,352,17,532,2
64526c651d0c49ad78be8895,62%,1,5,878078,12,1,5,476,87%,null,Real Betis,543,14,3-0,8,7,7,7,Home,532,Valencia,545,15,532,1
64526c7757e05d08afd1d66b,69%,1,3,878121,21,1,1,536,88%,0,Girona,547,18,1-0,10,9,9,9,Home,533,Villareal,608,19,533,5
64526c641d0c49ad78be8892,60%,3,6,878027,14,4,5,406,85%,null,Elche,797,9,2-2,15,9,8,5,Home,532,Valencia,477,20,-1,3
64526c6f1d0c49ad78be88ac,34%,null,6,878232,6,1,null,180,72%,null,Elche,797,30,0-2,5,2,3,null,Away,532,Valencia,250,5,532,1
64526c7c57e05d08afd1d67a,30%,0,0,878033,11,2,0,276,84%,null,Barcelona,529,10,3-0,4,4,1,1,Away,533,Villareal,328,5,529,1
64526b2ce3e66554184c7fee,72%,4,10,878042,10,null,4,577,87%,null,Getafe,546,11,1-1,4,8,5,13,Home,538,Celta Vigo,667,17,-1,1
64526b7096ccbd22b7095005,66%,1,11,878232,12,2,5,413,88%,null,Valencia,532,30,0-2,6,5,1,1,Home,797,Elche,470,7,532,3
64526b85b89451a3d9f2b470,44%,3,5,878095,13,3,null,277,78%,null,Girona,547,16,2-2,7,3,6,5,Home,540,Espanyol,354,12,-1,3
64526b8bb89451a3d9f2b480,22%,3,2,878083,15,5,1,126,68%,1,Barcelona,529,15,1-1,3,null,1,1,Away,540,Espanyol,186,4,-1,8
64526b8db89451a3d9f2b486,38%,2,2,878208,16,2,2,183,64%,1,Girona,547,27,2-1,3,2,1,2,Away,540,Espanyol,284,5,547,2
64526b9b75dca6a696447c41,45%,3,6,878075,8,2,4,260,72%,null,Almeria,723,14,1-0,9,5,3,2,Away,546,Getafe,361,11,723,4
64526bb9632552cf20d9d1a4,48%,5,3,878228,9,5,null,323,80%,null,Elche,797,29,2-0,10,5,4,4,Home,547,Girona,404,14,547,3
64526bbe632552cf20d9d1af,57%,2,6,878143,11,2,null,379,84%,null,Cadiz,724,21,2-0,3,4,1,4,Away,547,Girona,450,7,724,4
64526bced9009be332a55688,62%,null,1,878220,13,3,1,396,85%,null,Mallorca,798,28,3-3,8,4,6,2,Home,720,Valladolid,464,10,-1,3
64526bd2d9009be332a55691,57%,1,2,878072,6,3,1,351,76%,null,Athletic Club,531,14,3-0,5,7,null,3,Away,720,Valladolid,459,8,531,1
64526bdd86aced0fcf31cf2f,42%,2,6,878094,14,1,1,249,75%,null,Valladolid,720,16,1-0,10,7,4,3,Home,798,Mallorca,331,13,798,2
64526bdf86aced0fcf31cf32,45%,3,4,878155,19,2,5,306,82%,null,Villarreal,533,22,4-2,12,5,5,1,Home,798,Mallorca,372,13,798,5
64526be786aced0fcf31cf45,38%,4,2,878220,20,3,null,208,75%,null,Valladolid,720,28,3-3,9,4,6,5,Away,798,Mallorca,279,14,-1,5
64526bfe06eac0ed960637c7,47%,6,3,878077,15,1,3,348,81%,null,Barcelona,529,14,1-2,10,6,3,5,Home,727,Osasuna,432,15,529,4
64526c0506eac0ed960637d8,58%,null,2,878115,9,3,1,322,75%,null,Elche,797,18,1-1,5,4,4,3,Away,727,Osasuna,430,8,-1,1
64526c17c3be2bc67c60f800,57%,1,7,878183,12,4,5,337,81%,null,Celta Vigo,538,25,3-0,7,8,3,5,Away,728,Rayo Vallecano,417,12,538,3
64526c2e97599a2a2b20bb7c,49%,4,6,878214,8,5,2,383,89%,null,Villarreal,533,28,2-3,13,10,4,5,Home,541,Real Madrid,432,18,533,null
64526c2e97599a2a2b20bb7e,68%,3,7,878260,12,1,8,630,93%,null,Almeria,723,32,4-2,8,4,8,7,Home,541,Real Madrid,679,15,541,2
64526c45e8008754b6f1dffe,55%,4,null,878139,17,1,2,375,81%,null,Valladolid,720,20,0-1,8,7,4,7,Home,548,Real Sociedad,462,15,720,4
64526c46e8008754b6f1e000,72%,5,3,878180,17,2,2,453,79%,null,Cadiz,724,24,0-0,12,7,3,3,Home,548,Real Sociedad,575,15,-1,null
64526c47e8008754b6f1e001,61%,5,5,878200,16,3,4,407,82%,null,Elche,797,26,2-0,10,8,4,7,Home,548,Real Sociedad,494,17,548,2
64526c4de8008754b6f1e012,48%,6,4,878209,19,2,2,279,80%,null,Villarreal,533,27,2-0,10,7,3,6,Away,548,Real Sociedad,347,16,533,3
64526c54ac55677752a613c0,64%,4,11,878035,11,4,1,414,85%,1,Valencia,532,10,1-1,12,9,5,6,Home,536,Sevilla,488,18,-1,4
64526bd1d9009be332a5568e,56%,4,2,878002,13,4,3,365,84%,null,Getafe,546,7,2-3,5,3,7,9,Away,720,Valladolid,435,14,720,5
64526be086aced0fcf31cf35,42%,4,2,878204,19,2,2,199,69%,1,Osasuna,727,27,0-0,7,5,1,3,Home,798,Mallorca,290,10,-1,7
64526be586aced0fcf31cf42,35%,2,2,878150,14,3,null,243,76%,null,Sevilla,536,21,2-0,4,4,null,2,Away,798,Mallorca,321,6,536,2
64526c14c3be2bc67c60f7f8,63%,2,6,878019,12,1,4,379,84%,null,Almeria,723,8,3-1,8,6,4,4,Away,728,Rayo Vallecano,453,12,723,2
64526c16c3be2bc67c60f7fb,40%,4,4,878086,14,5,3,268,76%,null,Girona,547,15,2-2,7,4,4,5,Away,728,Rayo Vallecano,353,12,-1,2
64526c17c3be2bc67c60f7ff,58%,6,6,878164,19,2,1,311,75%,1,Cadiz,724,23,1-0,5,3,2,6,Away,728,Rayo Vallecano,416,11,724,4
64526c2997599a2a2b20bb71,64%,9,10,878010,9,1,4,550,91%,null,Osasuna,727,7,1-1,12,9,4,10,Home,541,Real Madrid,605,22,-1,1
64526c2c97599a2a2b20bb77,61%,5,10,878123,8,3,4,594,90%,null,Real Sociedad,548,19,0-0,7,8,7,13,Home,541,Real Madrid,661,20,-1,1
64526c3197599a2a2b20bb85,55%,4,5,878066,11,4,null,386,86%,null,Rayo Vallecano,728,13,3-2,9,10,2,7,Away,541,Real Madrid,449,16,728,5
64526c3397599a2a2b20bb89,74%,6,12,878137,14,1,1,578,92%,null,Mallorca,798,20,1-0,9,13,1,11,Away,541,Real Madrid,628,20,798,5
64526c53ac55677752a613bf,46%,4,5,878020,19,3,2,261,72%,null,Athletic Club,531,8,1-1,7,3,3,3,Home,536,Sevilla,363,10,-1,4
64526c56ac55677752a613c7,67%,6,10,878170,10,2,3,469,84%,1,Osasuna,727,23,2-3,11,8,8,11,Home,536,Sevilla,560,22,727,4
64526c621d0c49ad78be888f,71%,6,6,877969,15,6,1,513,88%,null,Atletico Madrid,530,3,0-1,5,4,2,7,Home,532,Valencia,583,12,530,4
64526c631d0c49ad78be8890,70%,10,9,877978,11,3,1,482,88%,1,Getafe,546,4,5-1,18,5,9,6,Home,532,Valencia,546,24,532,3
64526c56ac55677752a613c6,65%,4,8,878150,9,null,2,525,89%,null,Mallorca,798,21,2-0,11,5,6,4,Home,536,Sevilla,592,15,536,4
64526c57ac55677752a613c8,56%,7,6,878191,8,3,5,389,86%,null,Almeria,723,25,2-1,18,15,5,9,Home,536,Sevilla,453,27,536,5
64526c5dac55677752a613d9,50%,2,4,878205,14,3,null,246,70%,null,Cadiz,724,27,0-2,8,4,5,3,Away,536,Sevilla,351,11,536,4
64526c691d0c49ad78be889e,63%,4,3,877952,15,1,null,432,85%,null,Athletic Club,531,2,1-0,6,6,null,4,Away,532,Valencia,511,10,531,2
64526c7457e05d08afd1d665,46%,2,6,878000,15,0,1,305,81%,null,Sevilla,536,6,1-1,11,8,7,6,Home,533,Villareal,376,17,-1,1
64526c7a57e05d08afd1d675,50%,9,6,877953,11,5,1,443,90%,0,Atletico Madrid,530,2,0-2,13,5,5,6,Away,533,Villareal,491,19,533,2
64526c631d0c49ad78be8891,66%,3,5,877996,18,2,2,390,84%,null,Celta Vigo,538,6,3-0,10,4,7,4,Home,532,Valencia,462,14,532,3
64526c6e1d0c49ad78be88ab,60%,2,7,878215,11,2,null,364,82%,null,Almeria,723,28,2-1,7,5,4,4,Away,532,Valencia,445,11,723,2
64526c7557e05d08afd1d666,58%,1,8,878030,14,3,5,347,83%,null,Osasuna,727,9,2-0,8,2,9,4,Home,533,Villareal,416,12,533,2
64526c7957e05d08afd1d671,70%,6,8,878226,9,5,2,509,87%,null,Valladolid,720,29,1-2,15,9,7,7,Home,533,Villareal,583,22,720,1
64526ab1d11efa17079c3310,42%,3,0,878132,14,2,1,292,81%,1,Cadiz,724,20,4-1,14,5,9,3,Home,531,Athletic Club,361,17,531,2
64526ac86c07d8942f54a9b4,50%,2,5,877953,8,3,2,410,87%,1,Villarreal,533,2,0-2,8,6,5,5,Home,530,Atletico Madrid,473,13,533,2
64526acc6c07d8942f54a9bf,47%,6,7,878172,12,0,1,465,90%,0,Sevilla,536,24,6-1,13,4,8,5,Home,530,Atletico Madrid,519,18,530,1
64526ad88ace44c8b9188092,58%,1,6,878013,16,4,1,495,88%,null,Celta Vigo,538,8,1-0,11,7,5,2,Home,529,Barcelona,565,13,529,2
64526ae18ace44c8b91880a9,60%,3,2,878127,15,2,1,508,87%,null,Girona,547,19,0-1,5,2,3,3,Away,529,Barcelona,582,8,529,3
64526b079476be0ce947c787,62%,2,1,878128,12,1,3,484,82%,null,Getafe,546,19,0-1,8,9,2,5,Away,543,Real Betis,589,13,543,2
64526b2fe3e66554184c7ff4,53%,4,5,878163,6,3,null,364,80%,null,Valladolid,720,23,3-0,11,10,4,7,Home,538,Celta Vigo,456,18,538,1
64526b31e3e66554184c7ffa,54%,6,7,877982,6,1,1,471,87%,null,Atletico Madrid,530,5,4-1,9,5,3,5,Away,538,Celta Vigo,541,14,530,3
64526b31e3e66554184c7ffb,34%,2,4,877996,23,4,null,161,67%,1,Valencia,532,6,3-0,5,2,2,1,Away,538,Celta Vigo,239,6,532,2
64526b86b89451a3d9f2b473,44%,2,4,878144,9,2,null,274,74%,1,Real Sociedad,548,21,2-3,6,2,6,4,Home,540,Espanyol,372,10,548,4
64526a3f076ac5fa166159d6,32%,1,2,877948,11,13,3,257,82%,null,Real Madrid,541,1,1-2,7,3,6,3,Home,723,Almeria,315,10,541,3
64526a45076ac5fa166159e4,40%,3,3,878215,11,2,2,229,73%,null,Valencia,532,28,2-1,6,3,4,4,Home,723,Almeria,314,10,723,3
64526a49076ac5fa166159ef,43%,4,2,878120,8,4,3,268,73%,null,Valencia,532,18,2-2,7,7,3,7,Away,723,Almeria,368,14,-1,1
64526ac96c07d8942f54a9b8,53%,2,3,878032,11,3,3,446,83%,null,Rayo Vallecano,728,10,1-1,8,6,4,4,Home,530,Atletico Madrid,538,12,-1,3
64526aca6c07d8942f54a9ba,62%,3,3,878082,14,1,2,523,89%,1,Elche,797,15,2-0,7,11,4,11,Home,530,Atletico Madrid,590,18,530,3
64526acf6c07d8942f54a9c7,39%,5,7,878006,12,3,0,328,80%,null,Sevilla,536,7,0-2,14,9,6,6,Away,530,Atletico Madrid,410,20,530,2
64526ad16c07d8942f54a9ce,53%,4,5,878147,13,4,2,424,84%,1,Celta Vigo,538,21,0-1,7,4,2,3,Away,530,Atletico Madrid,502,10,530,2
64526afd9476be0ce947c76e,72%,4,8,877944,10,1,5,539,89%,null,Elche,797,1,3-0,12,5,8,5,Home,543,Real Betis,605,17,543,3
64526b059476be0ce947c782,60%,2,9,878038,7,3,1,422,84%,1,Cadiz,724,10,0-0,7,7,3,5,Away,543,Real Betis,505,12,-1,2
64526b1ac8ef9ca37ded3c4e,41%,null,5,878056,15,6,null,279,81%,null,Atletico Madrid,530,12,3-2,8,3,7,2,Home,724,Cadiz,344,10,724,2
64526b1dc8ef9ca37ded3c56,31%,2,2,878225,12,9,null,227,75%,null,Real Madrid,541,29,0-2,8,7,3,4,Home,724,Cadiz,302,12,541,1
64526b23c8ef9ca37ded3c64,28%,null,null,878180,18,3,3,115,51%,null,Real Sociedad,548,24,0-0,3,4,2,3,Away,724,Cadiz,224,6,-1,1
64526b2ee3e66554184c7ff1,51%,5,13,878102,11,null,1,436,88%,null,Villarreal,533,17,1-1,12,8,8,9,Home,538,Celta Vigo,493,21,-1,null
64526b33e3e66554184c7ffe,38%,2,4,878055,7,2,5,247,79%,1,Almeria,723,12,3-1,2,3,3,6,Away,538,Celta Vigo,313,8,723,null
64526b8db89451a3d9f2b484,56%,4,6,878181,11,3,null,333,78%,null,Valladolid,720,24,2-1,7,6,2,5,Away,540,Espanyol,426,12,720,2
64526b9475dca6a696447c2f,34%,3,4,878015,10,3,1,284,75%,null,Real Madrid,541,8,0-1,4,4,2,5,Home,546,Getafe,381,9,541,null
64526b9875dca6a696447c39,34%,1,1,878227,13,3,6,153,61%,null,Barcelona,529,29,0-0,5,3,1,null,Home,546,Getafe,251,5,-1,2
64526bb4632552cf20d9d197,54%,5,2,877970,16,5,1,440,85%,null,Celta Vigo,538,3,0-1,8,3,3,3,Home,547,Girona,517,11,538,2
64526bb9632552cf20d9d1a3,62%,5,5,878208,12,null,5,377,81%,1,Espanyol,540,27,2-1,9,5,4,5,Home,547,Girona,465,14,547,4
64526bc7d9009be332a5567c,52%,1,2,877980,11,null,6,283,78%,null,Almeria,723,4,1-0,8,7,6,6,Home,720,Valladolid,362,14,720,1
64526bc8d9009be332a55680,25%,1,4,878050,19,2,3,104,56%,null,Real Sociedad,548,11,1-0,6,6,2,3,Home,720,Valladolid,185,9,720,2
64526bcad9009be332a55683,45%,2,4,878111,17,5,2,247,71%,null,Rayo Vallecano,728,17,0-1,6,5,2,3,Home,720,Valladolid,346,9,728,2
64526bd0d9009be332a5568d,55%,7,12,877988,15,3,null,367,84%,null,Girona,547,5,2-1,6,3,4,8,Away,720,Valladolid,437,14,547,2
64526bd1d9009be332a5568f,51%,4,4,878025,11,2,2,299,76%,null,Espanyol,540,9,1-0,6,8,2,8,Away,720,Valladolid,395,14,540,4
64526bd2d9009be332a55690,52%,1,8,878054,16,8,3,345,82%,null,Osasuna,727,12,2-0,4,4,2,3,Away,720,Valladolid,422,7,727,3
64526bd4d9009be332a55697,45%,null,3,878184,11,9,1,226,72%,2,Elche,797,25,1-1,3,4,1,2,Away,720,Valladolid,312,5,-1,6
64526be186aced0fcf31cf39,35%,3,3,877971,18,null,2,224,74%,null,Rayo Vallecano,728,3,0-2,6,2,4,3,Away,798,Mallorca,302,9,798,3
64526bfe06eac0ed960637c6,48%,4,1,878054,14,2,2,318,82%,null,Valladolid,720,12,2-0,12,6,10,8,Home,727,Osasuna,390,20,727,1
64526c0fc3be2bc67c60f7eb,62%,5,5,878097,10,1,4,393,81%,null,Real Betis,543,16,1-2,7,7,3,8,Home,728,Rayo Vallecano,486,15,543,3
64526c17c3be2bc67c60f7fe,58%,7,6,878142,19,2,4,346,78%,null,Getafe,546,21,1-1,10,8,4,9,Away,728,Rayo Vallecano,445,19,-1,4
64526c3197599a2a2b20bb86,61%,4,9,878089,9,4,1,539,88%,null,Valladolid,720,15,0-2,15,8,7,4,Away,541,Real Madrid,610,19,541,null
64526c44e8008754b6f1dffb,27%,2,1,878065,11,2,2,148,65%,1,Valencia,532,13,1-1,5,3,4,4,Home,548,Real Sociedad,227,9,-1,2
64526c671d0c49ad78be889a,54%,1,12,878190,8,null,5,257,73%,null,Osasuna,727,25,1-0,7,3,4,1,Home,532,Valencia,350,8,532,2
64526c6c1d0c49ad78be88a6,47%,6,7,878130,15,5,null,268,77%,null,Valladolid,720,19,1-0,9,7,2,6,Away,532,Valencia,347,15,720,1
64526c6d1d0c49ad78be88a7,48%,2,4,878140,10,7,null,397,85%,null,Girona,547,20,1-0,6,2,4,2,Away,532,Valencia,467,8,547,4
64526c7557e05d08afd1d668,71%,3,5,878069,17,3,1,530,89%,null,Mallorca,798,13,0-2,4,4,2,5,Home,533,Villareal,597,9,798,4
64526c7a57e05d08afd1d673,52%,2,4,878259,12,4,5,404,89%,null,Celta Vigo,538,32,3-1,7,4,3,2,Home,533,Villareal,456,9,533,1
64526c7b57e05d08afd1d677,53%,7,8,877983,14,4,6,357,86%,null,Real Betis,543,5,1-0,8,4,3,6,Away,533,Villareal,413,14,543,1
64526b6d96ccbd22b7094fff,42%,3,7,878115,19,3,5,197,65%,null,Osasuna,727,18,1-1,10,6,4,3,Home,797,Elche,303,13,-1,2
64526b7096ccbd22b7095007,28%,1,4,877944,18,5,3,155,69%,1,Real Betis,543,1,3-0,4,1,2,null,Away,797,Elche,224,4,543,6
64526b8cb89451a3d9f2b482,43%,2,2,878124,6,4,6,213,68%,null,Almeria,723,19,3-1,4,1,3,2,Away,540,Espanyol,315,6,723,3
64526b9775dca6a696447c37,39%,3,3,878175,24,5,2,190,64%,null,Girona,547,24,3-2,7,1,6,3,Home,546,Getafe,298,10,546,5
64526b9975dca6a696447c3c,30%,1,1,877978,22,4,1,161,72%,1,Valencia,532,4,5-1,6,2,4,1,Away,546,Getafe,224,7,532,6
64526bb6632552cf20d9d19c,42%,4,7,878067,11,6,3,292,81%,null,Athletic Club,531,13,2-1,13,5,10,6,Home,547,Girona,362,19,547,1
64526bcfd9009be332a55689,39%,5,5,878241,14,6,2,253,76%,null,Girona,547,30,1-0,8,4,6,7,Home,720,Valladolid,334,15,720,1
64526bdf86aced0fcf31cf34,37%,1,3,878185,19,1,4,184,63%,null,Real Sociedad,548,25,1-1,5,5,2,3,Home,798,Mallorca,292,8,-1,2
64526be186aced0fcf31cf38,36%,2,2,877942,12,6,null,183,67%,null,Athletic Club,531,1,0-0,5,2,2,1,Away,798,Mallorca,272,6,-1,6
64526be286aced0fcf31cf3a,32%,1,3,877991,15,3,1,241,82%,null,Real Madrid,541,5,4-1,5,2,2,null,Away,798,Mallorca,294,5,541,5
64526be686aced0fcf31cf43,61%,6,4,878165,18,1,null,351,77%,null,Espanyol,540,23,2-1,6,5,4,9,Away,798,Mallorca,457,15,540,2
64526bfd06eac0ed960637c5,65%,4,9,878041,17,3,1,394,80%,null,Espanyol,540,10,1-0,12,8,5,5,Home,727,Osasuna,495,17,727,1
64526bfe06eac0ed960637c8,62%,2,3,878109,15,2,null,481,86%,null,Mallorca,798,17,1-0,9,9,4,6,Home,727,Osasuna,561,15,727,2
64526c0606eac0ed960637dc,46%,2,3,878190,19,3,2,202,68%,null,Valencia,532,25,1-0,3,5,null,4,Away,727,Osasuna,299,7,532,5
64526c0ec3be2bc67c60f7e8,62%,5,10,878049,13,null,3,374,85%,1,Cadiz,724,11,5-1,17,12,11,11,Home,728,Rayo Vallecano,441,28,728,1
64526c10c3be2bc67c60f7ee,58%,6,7,878158,15,1,2,379,83%,null,Sevilla,536,22,1-1,7,7,5,11,Home,728,Rayo Vallecano,458,18,-1,4
64526c15c3be2bc67c60f7f9,47%,3,4,878032,11,3,3,378,81%,null,Atletico Madrid,530,10,1-1,7,7,4,7,Away,728,Rayo Vallecano,464,14,-1,null
64526a43076ac5fa166159df,57%,4,2,878124,16,2,0,322,76%,null,Espanyol,540,19,3-1,13,8,7,6,Home,723,Almeria,422,19,723,3
64526c16c3be2bc67c60f7fc,55%,3,8,878111,18,2,null,330,76%,null,Valladolid,720,17,0-1,5,4,6,8,Away,728,Rayo Vallecano,435,13,728,2
64526c3497599a2a2b20bb8c,46%,4,1,878193,13,5,4,414,86%,null,Barcelona,529,26,2-1,6,4,3,5,Away,541,Real Madrid,484,11,529,3
64526c43e8008754b6f1dff8,60%,6,9,878018,21,1,5,468,90%,null,Villarreal,533,8,1-0,12,6,5,5,Home,548,Real Sociedad,522,17,548,5
64526a42076ac5fa166159dc,55%,3,7,878075,17,2,4,350,77%,1,Getafe,546,14,1-0,5,2,3,3,Home,723,Almeria,453,8,723,8
64526a42076ac5fa166159dd,44%,1,4,878096,13,4,3,297,79%,null,Real Sociedad,548,16,0-2,5,4,1,1,Home,723,Almeria,375,6,548,1
64526a42076ac5fa166159de,55%,2,3,878105,14,5,4,455,85%,0,Atletico Madrid,530,17,1-1,10,9,3,4,Home,723,Almeria,538,14,-1,4
64526c43e8008754b6f1dff9,51%,2,10,878040,18,3,null,323,80%,null,Mallorca,798,10,1-0,8,5,7,6,Home,548,Real Sociedad,405,14,548,1
64526c44e8008754b6f1dffa,58%,2,5,878058,22,2,2,346,83%,null,Real Betis,543,12,0-2,10,5,7,4,Home,548,Real Sociedad,418,14,543,4
64526b009476be0ce947c777,55%,2,5,878135,11,2,3,384,84%,1,Celta Vigo,538,20,3-4,13,6,7,2,Home,543,Real Betis,459,15,538,3
64526b029476be0ce947c77b,46%,1,5,878213,18,2,null,256,80%,2,Cadiz,724,28,0-2,6,5,3,3,Home,543,Real Betis,321,9,724,3
64526c58ac55677752a613cb,64%,3,6,878261,14,1,4,474,89%,null,Girona,547,32,0-2,15,15,5,8,Home,536,Sevilla,534,23,547,2
64526b089476be0ce947c78b,46%,null,1,878203,11,6,null,390,84%,null,Atletico Madrid,530,27,1-0,5,4,2,1,Away,543,Real Betis,467,6,530,2
64526c5bac55677752a613d4,54%,null,1,878106,7,5,1,479,89%,null,Girona,547,17,2-1,5,8,2,5,Away,536,Sevilla,538,10,547,1
64526b20c8ef9ca37ded3c5c,35%,1,2,878029,9,5,2,191,69%,null,Girona,547,9,1-1,6,6,2,3,Away,724,Cadiz,278,9,-1,4
64526b21c8ef9ca37ded3c5e,47%,4,5,878070,16,1,2,288,75%,1,Getafe,546,13,0-0,11,7,4,4,Away,724,Cadiz,386,15,-1,2
64526b2be3e66554184c7fe9,60%,2,3,877945,17,null,1,443,82%,null,Espanyol,540,1,2-2,3,3,3,5,Home,538,Celta Vigo,539,8,-1,5
64526c7a57e05d08afd1d674,48%,2,5,877950,10,6,1,323,78%,null,Valladolid,720,1,0-3,6,4,4,4,Away,533,Villareal,414,10,533,0
64526b33e3e66554184c8000,43%,4,4,878098,15,5,2,282,74%,null,Elche,797,16,0-1,10,3,7,4,Away,538,Celta Vigo,383,14,538,1
64526b7296ccbd22b709500b,40%,null,1,878027,19,5,1,244,75%,null,Valencia,532,9,2-2,8,2,6,null,Away,797,Elche,326,8,-1,6
64526b83b89451a3d9f2b46c,38%,2,6,878004,16,3,1,202,69%,1,Valencia,532,7,2-2,8,3,5,2,Home,540,Espanyol,294,10,-1,2
64526aafd11efa17079c330c,43%,5,6,878052,12,3,2,294,79%,null,Villarreal,533,12,1-0,14,7,7,5,Home,531,Athletic Club,370,19,531,2
64526ad78ace44c8b9188090,68%,7,14,877962,9,2,1,570,89%,null,Valladolid,720,3,4-0,19,8,9,5,Home,529,Barcelona,637,24,529,1
64526ad88ace44c8b9188093,70%,5,8,878033,18,1,4,716,94%,null,Villarreal,533,10,3-0,11,6,5,5,Home,529,Barcelona,763,16,529,null
64526ad98ace44c8b9188094,66%,null,1,878045,7,1,4,598,89%,null,Athletic Club,531,11,4-0,8,3,7,2,Home,529,Barcelona,669,10,529,2
64526ada8ace44c8b9188097,68%,1,4,878114,11,3,5,712,88%,null,Getafe,546,18,1-0,4,3,4,4,Home,529,Barcelona,807,8,529,1
64526b21c8ef9ca37ded3c60,26%,null,2,878100,21,2,1,125,61%,null,Valencia,532,16,0-1,5,4,2,1,Away,724,Cadiz,204,6,724,6
64526b2fe3e66554184c7ff5,43%,4,3,878183,13,3,null,249,77%,null,Rayo Vallecano,728,25,3-0,8,5,6,7,Home,538,Celta Vigo,322,15,538,2
64526b33e3e66554184c7fff,42%,2,3,878079,16,3,null,287,77%,null,Rayo Vallecano,728,14,0-0,7,6,3,4,Away,538,Celta Vigo,375,11,-1,1
64526b35e3e66554184c8005,44%,2,1,878199,12,2,2,279,76%,null,Espanyol,540,26,1-3,8,2,4,null,Away,538,Celta Vigo,365,8,538,2
64526b6a96ccbd22b7094ff8,45%,4,4,877964,14,4,2,296,80%,null,Real Sociedad,548,3,0-1,5,3,5,7,Home,797,Elche,372,12,548,3
64526b6c96ccbd22b7094ffd,45%,4,2,878073,16,1,2,277,79%,null,Girona,547,14,1-2,7,5,2,4,Home,797,Elche,349,11,547,3
64526b88b89451a3d9f2b479,40%,3,3,877945,15,1,null,272,76%,null,Celta Vigo,538,1,2-2,2,5,2,8,Away,540,Espanyol,356,10,-1,2
64526b9c75dca6a696447c44,37%,4,null,878133,18,3,null,261,67%,null,Atletico Madrid,530,20,1-1,3,4,1,6,Away,546,Getafe,391,9,-1,5
64526bb6632552cf20d9d19a,65%,3,6,878029,16,1,3,417,86%,null,Cadiz,724,9,1-1,15,14,6,8,Home,547,Girona,483,23,-1,5
64526bbc632552cf20d9d1ab,42%,null,1,878061,8,5,1,408,89%,null,Real Madrid,541,12,1-1,6,6,2,2,Away,547,Girona,461,8,-1,3
64526bbf632552cf20d9d1b2,53%,2,5,878201,16,1,4,329,79%,null,Rayo Vallecano,728,26,2-2,8,6,4,4,Away,547,Girona,415,12,-1,2
64526bdb86aced0fcf31cf2c,43%,1,1,878024,17,null,2,295,80%,null,Sevilla,536,9,0-1,6,3,5,3,Home,798,Mallorca,370,9,536,2
64526bdc86aced0fcf31cf2d,52%,1,4,878059,15,1,null,370,82%,1,Espanyol,540,12,1-1,7,7,5,6,Home,798,Mallorca,450,13,-1,4
64526be386aced0fcf31cf3c,49%,5,7,878040,9,7,1,286,75%,null,Real Sociedad,548,10,1-0,9,4,3,3,Away,798,Mallorca,379,12,548,2
64526c2f97599a2a2b20bb7f,68%,10,15,877948,4,5,3,593,91%,null,Almeria,723,1,1-2,18,4,15,11,Away,541,Real Madrid,649,29,541,1
64526c3197599a2a2b20bb84,62%,2,2,878034,10,3,6,696,94%,null,Elche,797,10,0-3,7,1,7,3,Away,541,Real Madrid,738,10,541,1
64526c3297599a2a2b20bb87,51%,3,5,878101,6,3,3,419,86%,null,Villarreal,533,16,2-1,10,7,3,3,Away,541,Real Madrid,485,13,533,1
64526c46e8008754b6f1dfff,55%,null,3,878160,14,4,3,403,83%,null,Celta Vigo,538,22,1-1,7,6,3,2,Home,548,Real Sociedad,487,9,-1,3
64526c48e8008754b6f1e005,60%,5,6,877946,20,1,null,373,81%,null,Cadiz,724,1,0-1,8,3,7,7,Away,548,Real Sociedad,461,15,548,2
64526bb4632552cf20d9d196,67%,1,5,877959,16,2,2,482,88%,null,Getafe,546,2,3-1,8,5,6,4,Home,547,Girona,548,12,547,2
64526bb7632552cf20d9d19d,60%,1,2,878086,14,2,2,431,84%,null,Rayo Vallecano,728,15,2-2,12,8,7,4,Home,547,Girona,515,16,-1,3
64526bb7632552cf20d9d19e,46%,5,5,878106,11,2,1,396,88%,null,Sevilla,536,17,2-1,11,7,7,8,Home,547,Girona,451,19,547,3
64526bb9632552cf20d9d1a2,50%,1,1,878187,6,3,4,464,88%,null,Atletico Madrid,530,25,0-1,3,1,4,3,Home,547,Girona,529,6,530,2
64526bba632552cf20d9d1a6,54%,2,4,877951,14,2,2,331,83%,null,Valencia,532,1,1-0,2,2,1,3,Away,547,Girona,397,5,532,3
64526bbd632552cf20d9d1ac,55%,6,5,878073,9,1,3,361,82%,null,Elche,797,14,1-2,16,12,3,5,Away,547,Girona,439,21,547,2
64526bc7d9009be332a5567b,52%,1,4,877950,6,1,2,362,83%,null,Villarreal,533,1,0-3,7,5,6,5,Home,720,Valladolid,434,12,533,1
64526bcfd9009be332a5568a,57%,2,9,878258,14,1,5,397,88%,null,Atletico Madrid,530,32,2-5,11,11,6,8,Home,720,Valladolid,450,19,530,2
64526bd4d9009be332a55696,47%,1,4,878163,5,1,5,295,75%,1,Celta Vigo,538,23,3-0,4,2,3,2,Away,720,Valladolid,392,6,538,3
64526be286aced0fcf31cf3b,58%,3,7,878014,17,1,5,372,85%,1,Elche,797,8,1-1,8,4,4,3,Away,798,Mallorca,438,11,-1,5
64526c0006eac0ed960637cc,55%,2,7,878196,15,3,1,370,81%,null,Villarreal,533,26,0-3,7,6,2,3,Home,727,Osasuna,454,10,533,3
64526c0506eac0ed960637d9,60%,1,3,878138,17,3,2,390,81%,1,Espanyol,540,20,1-1,7,5,3,2,Away,727,Osasuna,482,9,-1,5
64526c0ec3be2bc67c60f7e9,45%,3,4,878066,22,null,2,298,81%,null,Real Madrid,541,13,3-2,8,5,7,7,Home,728,Rayo Vallecano,367,15,728,4
64526c14c3be2bc67c60f7f7,61%,2,7,877992,13,4,3,413,84%,null,Athletic Club,531,6,3-2,6,7,2,5,Away,728,Rayo Vallecano,491,11,531,2
64526c18c3be2bc67c60f801,39%,null,3,878210,16,3,null,217,66%,null,Valencia,532,27,1-1,5,5,2,2,Away,728,Rayo Vallecano,328,7,-1,3
64526c2a97599a2a2b20bb74,58%,7,7,878061,16,1,2,588,91%,1,Girona,547,12,1-1,9,6,6,10,Home,541,Real Madrid,644,19,-1,3
64526c2b97599a2a2b20bb75,67%,3,7,878080,12,4,3,602,90%,null,Cadiz,724,14,2-1,8,10,5,10,Home,541,Real Madrid,672,18,541,3
64526c48e8008754b6f1e004,53%,2,2,878271,17,5,1,424,86%,null,Real Madrid,541,33,2-0,6,3,4,3,Home,548,Real Sociedad,491,9,548,1
64526c4ae8008754b6f1e00a,75%,10,10,878050,14,1,3,490,88%,null,Valladolid,720,11,1-0,4,8,2,16,Away,548,Real Sociedad,560,20,720,3
64526c55ac55677752a613c4,75%,4,8,878119,15,1,6,593,89%,null,Cadiz,724,18,1-0,11,4,9,6,Home,536,Sevilla,668,17,536,1
64526aafd11efa17079c330b,61%,4,6,878022,14,0,0,453,80%,null,Atletico Madrid,530,9,0-1,7,6,3,6,Home,531,Athletic Club,566,13,530,0
64526ab3d11efa17079c3315,55%,3,8,878242,8,null,2,332,73%,null,Sevilla,536,31,0-1,4,3,0,2,Home,531,Athletic Club,453,6,536,3
64526ab6d11efa17079c331e,51%,1,5,878125,19,2,2,325,77%,null,Celta Vigo,538,19,1-0,2,4,0,3,Away,531,Athletic Club,423,5,538,2
64526ab7d11efa17079c3320,43%,4,5,878159,13,4,null,352,76%,null,Atletico Madrid,530,22,1-0,6,2,2,2,Away,531,Athletic Club,466,8,530,3
64526ab8d11efa17079c3323,51%,2,7,878216,18,1,2,387,83%,null,Espanyol,540,28,1-2,11,3,7,1,Away,531,Athletic Club,468,12,531,4
64526ad26c07d8942f54a9cf,38%,2,4,878167,8,6,null,339,85%,1,Real Madrid,541,23,1-1,4,4,1,3,Away,530,Atletico Madrid,400,7,-1,3
64526ae18ace44c8b91880aa,47%,null,2,878148,18,2,3,313,80%,null,Villarreal,533,21,0-1,5,2,4,1,Away,529,Barcelona,391,6,529,4
64526afe9476be0ce947c771,44%,3,2,877995,9,2,2,364,85%,null,Girona,547,6,2-1,6,3,3,3,Home,543,Real Betis,429,9,543,null
64526afe9476be0ce947c772,55%,6,9,878031,6,4,1,440,83%,null,Almeria,723,9,3-1,14,4,6,2,Home,543,Real Betis,529,16,543,1
64526b009476be0ce947c776,36%,2,1,878108,17,1,3,286,79%,1,Barcelona,529,17,1-2,5,2,1,null,Home,543,Real Betis,363,5,529,3
64526b18c8ef9ca37ded3c48,40%,2,3,877946,9,6,4,216,74%,null,Real Sociedad,548,1,0-1,4,3,2,3,Home,724,Cadiz,291,7,548,4
64526b1ec8ef9ca37ded3c58,40%,null,5,878254,14,2,1,170,68%,null,Valencia,532,32,2-1,5,4,4,3,Home,724,Cadiz,250,8,724,6
64526b1fc8ef9ca37ded3c59,44%,4,2,877960,13,2,1,246,73%,1,Osasuna,727,2,2-0,6,3,2,3,Away,724,Cadiz,335,9,727,5
64526b21c8ef9ca37ded3c5f,33%,2,1,878080,16,3,null,269,80%,null,Real Madrid,541,14,2-1,5,3,5,5,Away,724,Cadiz,338,10,541,3
64526b2de3e66554184c7fef,62%,1,2,878064,12,2,null,458,85%,null,Osasuna,727,13,1-2,6,7,5,7,Home,538,Celta Vigo,536,13,727,1
64526b6e96ccbd22b7095002,35%,null,3,878168,16,6,1,206,74%,3,Real Betis,543,23,2-3,2,2,2,2,Home,797,Elche,279,4,543,4
64526b7696ccbd22b7095013,39%,null,3,878200,16,2,2,222,70%,null,Real Sociedad,548,26,2-0,2,1,3,2,Away,797,Elche,319,4,548,1
64526a45076ac5fa166159e5,53%,3,3,878234,8,1,2,366,79%,null,Athletic Club,531,30,1-2,6,5,4,6,Home,723,Almeria,464,12,531,2
64526a45076ac5fa166159e6,47%,0,7,878267,8,0,2,296,80%,null,Elche,797,33,2-1,7,6,4,3,Home,723,Almeria,372,10,723,2
64526ab0d11efa17079c330f,50%,5,12,878112,17,2,3,361,83%,null,Real Madrid,541,18,0-2,13,10,3,5,Home,531,Athletic Club,437,18,541,3
64526ab2d11efa17079c3314,51%,4,5,878222,16,4,3,308,76%,null,Real Sociedad,548,29,2-0,7,4,5,6,Home,531,Athletic Club,406,13,531,5
64526ab3d11efa17079c3316,63%,2,6,877968,4,3,3,497,87%,null,Cadiz,724,3,0-4,13,10,8,7,Away,531,Athletic Club,569,20,531,1
64526ab4d11efa17079c3318,54%,8,7,878020,14,2,4,353,82%,1,Sevilla,536,8,1-1,14,9,4,7,Away,531,Athletic Club,429,21,-1,0
64526ab6d11efa17079c331d,42%,1,2,878107,15,2,4,274,76%,1,Real Sociedad,548,17,3-1,5,3,2,1,Away,531,Athletic Club,362,6,548,2
64526ac86c07d8942f54a9b6,53%,4,8,877993,15,1,2,508,90%,1,Real Madrid,541,6,1-2,7,4,4,5,Home,530,Atletico Madrid,565,12,541,4
64526acc6c07d8942f54a9c0,56%,1,4,878192,12,1,0,488,86%,null,Valencia,532,26,3-0,12,7,6,2,Home,530,Atletico Madrid,566,14,530,2
64526acd6c07d8942f54a9c3,68%,5,5,878243,10,1,0,563,88%,null,Mallorca,798,31,3-1,15,10,9,9,Home,530,Atletico Madrid,640,24,530,null
64526ace6c07d8942f54a9c5,29%,1,2,877969,17,2,7,180,73%,null,Valencia,532,3,0-1,9,5,7,4,Away,530,Atletico Madrid,245,13,530,3
64526ace6c07d8942f54a9c6,45%,5,6,877974,13,4,0,270,75%,null,Real Sociedad,548,4,1-1,9,3,7,6,Away,530,Atletico Madrid,362,15,-1,4
64526ad88ace44c8b9188091,77%,6,6,877994,11,1,5,642,91%,null,Elche,797,6,3-0,18,10,9,7,Home,529,Barcelona,708,25,529,2
64526ada8ace44c8b9188098,65%,3,8,878134,8,1,2,610,91%,null,Sevilla,536,20,3-0,11,6,7,5,Home,529,Barcelona,673,16,529,null
64526aff9476be0ce947c774,37%,2,1,878063,6,4,2,248,81%,2,Sevilla,536,13,1-1,6,3,4,3,Home,543,Real Betis,308,9,-1,4
64526b019476be0ce947c778,47%,3,4,878153,18,2,1,303,80%,null,Valladolid,720,22,2-1,12,3,10,4,Home,543,Real Betis,380,16,543,3
64526b019476be0ce947c77a,60%,5,4,878194,8,1,3,485,85%,null,Mallorca,798,26,1-0,3,2,3,7,Home,543,Real Betis,572,10,543,1
64526b1bc8ef9ca37ded3c4f,49%,1,3,878091,7,9,3,339,78%,null,Almeria,723,15,1-1,9,5,6,3,Home,724,Cadiz,432,12,-1,2
64526b22c8ef9ca37ded3c63,35%,2,6,878152,18,2,7,243,79%,null,Barcelona,529,22,2-0,10,8,4,4,Away,724,Cadiz,306,14,529,3
64526b9675dca6a696447c33,62%,4,5,878110,20,2,3,340,77%,null,Espanyol,540,17,1-2,5,4,2,5,Home,546,Getafe,443,10,540,2
64526bb6632552cf20d9d19b,50%,3,3,878044,11,1,3,383,82%,null,Osasuna,727,11,1-1,2,3,1,5,Home,547,Girona,468,7,-1,2
64526bbb632552cf20d9d1a8,56%,1,4,877995,8,1,5,477,87%,null,Real Betis,543,6,2-1,6,5,3,3,Away,547,Girona,547,9,543,3
64526be486aced0fcf31cf3f,44%,null,2,878085,19,4,4,301,73%,null,Getafe,546,15,2-0,1,3,null,2,Away,798,Mallorca,411,3,546,1
64526be686aced0fcf31cf44,40%,1,4,878194,15,2,4,258,71%,null,Real Betis,543,26,1-0,2,3,1,3,Away,798,Mallorca,364,5,543,2
64526c0306eac0ed960637d3,42%,3,4,878030,23,7,2,233,81%,null,Villarreal,533,9,2-0,2,8,3,12,Away,727,Osasuna,289,14,533,6
64526c2b97599a2a2b20bb76,71%,5,6,878104,12,null,3,678,92%,null,Valencia,532,17,2-0,11,6,8,8,Home,541,Real Madrid,735,19,541,3
64526c42e8008754b6f1dff5,41%,2,3,877957,15,3,5,311,82%,null,Barcelona,529,2,1-4,7,3,5,3,Home,548,Real Sociedad,380,10,529,2
64526c47e8008754b6f1e002,61%,1,3,878221,11,4,4,469,81%,null,Getafe,546,28,2-0,6,4,6,5,Home,548,Real Sociedad,578,11,548,2
64526c48e8008754b6f1e006,55%,3,6,877964,18,5,4,396,84%,null,Elche,797,3,0-1,7,1,5,2,Away,548,Real Sociedad,469,9,548,3
64526c52ac55677752a613bc,61%,5,12,877956,20,2,4,384,85%,1,Valladolid,720,2,1-1,14,11,2,4,Home,536,Sevilla,452,18,-1,3
64526c7557e05d08afd1d667,52%,5,10,878051,7,3,3,367,83%,2,Almeria,723,11,2-1,5,1,5,6,Home,533,Villareal,441,11,533,4
64526c7757e05d08afd1d66d,53%,2,6,878148,22,3,5,359,81%,null,Barcelona,529,21,0-1,8,7,2,3,Home,533,Villareal,443,11,529,4
64526b7296ccbd22b709500c,59%,3,3,878047,10,3,1,471,87%,null,Espanyol,540,11,2-2,5,2,4,4,Away,797,Elche,544,9,-1,3
64526b9675dca6a696447c35,42%,4,5,878142,21,4,null,214,66%,1,Rayo Vallecano,728,21,1-1,7,5,4,6,Home,546,Getafe,324,13,-1,4
64526bb8632552cf20d9d1a0,52%,2,8,878140,11,4,1,440,87%,null,Valencia,532,20,1-0,18,10,8,2,Home,547,Girona,506,20,547,1
64526bced9009be332a55687,48%,5,2,878198,9,3,2,312,79%,null,Athletic Club,531,26,1-3,9,7,3,6,Home,720,Valladolid,395,15,531,2
64526bda86aced0fcf31cf29,52%,1,6,877981,22,3,1,347,85%,null,Girona,547,4,1-1,8,5,4,2,Home,798,Mallorca,410,10,-1,4
64526bfd06eac0ed960637c3,56%,5,8,877997,15,2,1,369,81%,1,Getafe,546,6,0-2,10,3,4,2,Home,727,Osasuna,456,12,546,7
64526c0306eac0ed960637d4,50%,1,5,878044,11,null,3,398,84%,null,Girona,547,11,1-1,4,6,2,5,Away,727,Osasuna,474,9,-1,3
64526c0ec3be2bc67c60f7e7,65%,9,4,878028,13,3,6,486,84%,null,Getafe,546,9,0-0,8,5,3,9,Home,728,Rayo Vallecano,580,17,-1,2
64526c2997599a2a2b20bb6f,50%,5,9,877976,8,3,2,446,90%,null,Real Betis,543,4,2-1,13,12,5,9,Home,541,Real Madrid,495,22,541,null
64526c43e8008754b6f1dff7,63%,3,4,877999,18,3,2,428,81%,null,Espanyol,540,6,2-1,9,5,6,5,Home,548,Real Sociedad,527,14,548,3
64526a47076ac5fa166159ea,41%,3,2,878011,8,0,6,245,77%,null,Athletic Club,531,7,4-0,6,3,2,2,Away,723,Almeria,319,8,531,3
64526a4b076ac5fa166159f4,35%,null,2,878231,8,5,2,282,79%,null,Atletico Madrid,530,29,2-1,3,2,1,null,Away,723,Almeria,355,3,530,3
64526ab5d11efa17079c331b,58%,1,1,878067,11,8,3,430,83%,null,Girona,547,13,2-1,6,3,7,5,Away,531,Athletic Club,515,11,547,1
64526ace6c07d8942f54a9c4,58%,5,6,877949,19,0,5,469,86%,null,Getafe,546,1,0-3,5,2,5,7,Away,530,Atletico Madrid,543,12,530,1
64526ad26c07d8942f54a9d1,49%,1,2,878217,7,3,3,454,84%,null,Rayo Vallecano,728,28,1-2,13,9,4,1,Away,530,Atletico Madrid,542,14,530,null
64526c5bac55677752a613d5,35%,null,3,878134,10,4,3,292,80%,null,Barcelona,529,20,3-0,1,2,1,2,Away,536,Sevilla,366,3,529,2
64526c57ac55677752a613c9,30%,1,8,878218,11,2,1,173,70%,2,Celta Vigo,538,28,2-2,4,4,2,3,Home,536,Sevilla,248,7,-1,6
64526c58ac55677752a613cd,68%,2,2,877967,11,3,5,482,88%,null,Almeria,723,3,2-1,9,6,5,4,Away,536,Sevilla,547,13,723,8
64526c641d0c49ad78be8893,68%,4,5,878048,14,3,3,464,85%,null,Mallorca,798,11,1-2,6,6,3,7,Home,532,Valencia,547,13,798,3
64526c651d0c49ad78be8896,74%,6,13,878100,14,1,2,465,85%,null,Cadiz,724,16,0-1,8,3,2,3,Home,532,Valencia,544,11,724,5
64526c671d0c49ad78be8899,37%,3,7,878171,13,3,2,174,64%,null,Real Sociedad,548,23,1-0,7,2,3,1,Home,532,Valencia,270,8,532,6
64526c7957e05d08afd1d672,64%,8,9,878250,14,2,2,436,90%,0,Espanyol,540,31,4-2,25,10,13,6,Home,533,Villareal,485,31,533,2
64526c6b1d0c49ad78be88a3,73%,4,11,878065,12,3,2,518,86%,null,Real Sociedad,548,13,1-1,6,7,3,8,Away,532,Valencia,603,14,-1,null
64526c6c1d0c49ad78be88a5,29%,2,6,878104,17,5,1,242,81%,1,Real Madrid,541,17,2-0,2,2,null,2,Away,532,Valencia,298,4,541,1
64526c7d57e05d08afd1d67b,57%,2,2,878052,10,6,0,441,84%,null,Athletic Club,531,12,1-0,4,1,3,2,Away,533,Villareal,523,6,531,1
64526adc8ace44c8b918809b,54%,4,8,878193,12,3,1,496,89%,null,Real Madrid,541,26,2-1,12,6,7,5,Home,529,Barcelona,558,17,529,4
64526c45e8008754b6f1dffc,51%,1,3,878088,10,3,3,328,78%,null,Osasuna,727,15,2-0,5,6,2,4,Home,548,Real Sociedad,422,9,548,1
64526ae08ace44c8b91880a6,53%,1,6,878077,6,2,2,415,82%,2,Osasuna,727,14,1-2,7,5,3,2,Away,529,Barcelona,507,9,529,4
64526c47e8008754b6f1e003,61%,2,3,878240,18,1,4,366,79%,null,Rayo Vallecano,728,30,2-1,5,4,1,2,Home,548,Real Sociedad,466,7,548,1
64526c4be8008754b6f1e00d,46%,2,4,878116,11,2,2,291,72%,null,Rayo Vallecano,728,18,0-2,7,3,7,5,Away,548,Real Sociedad,403,12,548,null
64526c52ac55677752a613bd,46%,3,4,877975,15,2,6,286,78%,null,Barcelona,529,4,0-3,7,2,4,2,Home,536,Sevilla,367,9,529,2
64526b029476be0ce947c77c,52%,2,4,878223,9,3,1,367,86%,null,Espanyol,540,29,3-1,11,5,8,4,Home,543,Real Betis,428,15,543,2
64526c54ac55677752a613c1,63%,2,6,878060,9,4,3,414,82%,null,Rayo Vallecano,728,12,0-1,7,4,4,3,Home,536,Sevilla,505,10,728,6
64526b059476be0ce947c783,42%,3,3,878058,16,7,2,231,76%,null,Real Sociedad,548,12,0-2,4,3,4,6,Away,543,Real Betis,305,10,543,4
64526b069476be0ce947c785,38%,3,7,878097,16,2,1,218,72%,null,Rayo Vallecano,728,16,1-2,8,8,3,6,Away,543,Real Betis,303,14,543,2
64526c58ac55677752a613cc,66%,3,2,877947,9,3,2,450,87%,null,Osasuna,727,1,2-1,5,4,3,5,Away,536,Sevilla,518,10,727,3
64526c671d0c49ad78be889b,61%,5,13,878210,15,1,2,401,82%,null,Rayo Vallecano,728,27,1-1,13,9,4,5,Home,532,Valencia,490,18,-1,2
64526c6d1d0c49ad78be88a8,54%,2,5,878156,8,5,4,262,69%,null,Getafe,546,22,1-0,3,3,3,5,Away,532,Valencia,377,8,546,1
64526b2be3e66554184c7feb,58%,1,2,877979,13,null,4,452,85%,null,Cadiz,724,4,3-0,4,3,5,5,Home,538,Celta Vigo,530,9,538,1
64526c7657e05d08afd1d66a,49%,4,6,878101,13,2,2,392,85%,null,Real Madrid,541,16,2-1,10,8,5,7,Home,533,Villareal,462,17,533,4
64526c7857e05d08afd1d66f,57%,5,2,878188,8,2,3,439,87%,null,Real Betis,543,25,1-1,10,6,4,5,Home,533,Villareal,504,15,-1,3
64526b2fe3e66554184c7ff6,57%,9,4,878211,13,1,3,427,84%,null,Almeria,723,27,2-2,14,7,5,7,Home,538,Celta Vigo,511,21,-1,3
64526c7c57e05d08afd1d679,40%,2,3,878018,18,4,0,279,82%,null,Real Sociedad,548,8,1-0,3,2,1,2,Away,533,Villareal,340,5,548,3
64526c7e57e05d08afd1d67e,72%,8,10,878136,8,4,0,509,89%,null,Elche,797,20,3-1,9,4,2,5,Away,533,Villareal,572,14,797,2
64526b6d96ccbd22b7095000,28%,8,6,878136,19,1,1,155,72%,null,Villarreal,533,20,3-1,14,3,7,4,Home,797,Elche,216,18,797,4
64526b7396ccbd22b709500e,38%,1,5,878082,20,2,3,284,82%,2,Atletico Madrid,530,15,2-0,2,3,1,3,Away,797,Elche,348,5,530,4
64526b7396ccbd22b709500f,50%,1,6,878103,21,2,1,306,79%,null,Cadiz,724,17,1-1,6,6,5,6,Away,797,Elche,385,12,-1,2
64526b86b89451a3d9f2b474,39%,1,null,878165,15,3,null,209,69%,null,Mallorca,798,23,2-1,9,5,3,null,Home,540,Espanyol,305,9,540,2
64526b89b89451a3d9f2b47a,33%,3,2,877972,12,3,2,192,67%,null,Athletic Club,531,4,0-1,7,4,2,2,Away,540,Espanyol,288,9,540,2
64526a49076ac5fa166159f0,51%,2,7,878141,9,10,1,305,74%,null,Rayo Vallecano,728,20,2-0,7,7,5,7,Away,723,Almeria,412,14,728,3
64526a4a076ac5fa166159f1,48%,5,7,878161,8,2,0,320,78%,null,Girona,547,22,6-2,8,7,4,8,Away,723,Almeria,411,16,547,1
64526aadd11efa17079c3306,64%,7,7,877942,13,2,1,388,82%,null,Mallorca,798,1,0-0,13,10,6,10,Home,531,Athletic Club,471,23,-1,0
64526ab5d11efa17079c331a,34%,1,2,878045,13,3,1,273,80%,null,Barcelona,529,11,4-0,3,1,3,2,Away,531,Athletic Club,343,5,529,2
64526acf6c07d8942f54a9c8,39%,0,1,878022,17,3,1,271,71%,null,Athletic Club,531,9,0-1,2,2,1,1,Away,530,Atletico Madrid,382,3,530,6
64526adf8ace44c8b91880a5,67%,4,10,878057,7,2,3,496,87%,null,Valencia,532,12,0-1,10,7,2,3,Away,529,Barcelona,572,13,529,5
64526b069476be0ce947c784,38%,3,5,878078,9,4,4,243,74%,1,Valencia,532,14,3-0,3,1,1,2,Away,543,Real Betis,329,5,532,3
64526b19c8ef9ca37ded3c4c,53%,null,8,878016,13,4,5,271,73%,null,Espanyol,540,8,2-2,6,5,3,2,Home,724,Cadiz,372,8,-1,4
64526b22c8ef9ca37ded3c61,25%,1,1,878119,14,7,1,148,64%,1,Sevilla,536,18,1-0,null,2,1,4,Away,724,Cadiz,230,4,536,4
64526b30e3e66554184c7ff8,49%,2,10,878245,9,1,5,327,81%,null,Elche,797,31,1-0,9,4,9,6,Home,538,Celta Vigo,404,15,538,null
64526b32e3e66554184c7ffd,62%,9,7,878039,11,3,1,408,86%,null,Valladolid,720,10,4-1,14,8,5,8,Away,538,Celta Vigo,477,22,720,1
64526b7696ccbd22b7095014,38%,2,2,878219,7,4,5,223,75%,null,Osasuna,727,28,2-1,6,4,1,1,Away,797,Elche,299,7,727,3
64526b85b89451a3d9f2b46f,44%,4,4,878074,11,4,1,356,86%,null,Villarreal,533,14,0-1,8,4,6,6,Home,540,Espanyol,414,14,533,1
64526b89b89451a3d9f2b47b,37%,3,2,877999,8,4,3,201,68%,null,Real Sociedad,548,6,2-1,10,7,4,4,Away,540,Espanyol,297,14,548,null
64526b8bb89451a3d9f2b47f,33%,1,2,878062,10,7,null,191,71%,1,Atletico Madrid,530,13,1-1,4,3,2,2,Away,540,Espanyol,269,6,-1,5
64526b9975dca6a696447c3b,33%,null,2,877959,18,4,1,196,76%,1,Girona,547,2,3-1,5,4,3,2,Away,546,Getafe,259,7,547,6
64526b8ab89451a3d9f2b47e,48%,1,4,878059,9,4,null,336,80%,null,Mallorca,798,12,1-1,2,4,2,5,Away,540,Espanyol,421,7,-1,1
64526b9775dca6a696447c36,46%,5,4,878156,11,3,3,213,67%,null,Valencia,532,22,1-0,12,4,6,3,Home,546,Getafe,320,15,546,6
64526b9775dca6a696447c38,37%,4,4,878195,22,4,4,203,68%,null,Sevilla,536,26,2-0,10,7,4,5,Home,546,Getafe,299,15,546,4
64526b9c75dca6a696447c43,32%,1,2,878114,6,3,4,301,78%,null,Barcelona,529,18,1-0,7,3,3,null,Away,546,Getafe,385,7,529,2
64526bb5632552cf20d9d198,45%,1,3,877988,11,3,3,277,77%,null,Valladolid,720,5,2-1,10,8,5,4,Home,547,Girona,358,14,547,null
64526bd3d9009be332a55694,45%,1,4,878139,14,4,7,277,75%,null,Real Sociedad,548,20,0-1,5,4,2,2,Away,720,Valladolid,368,7,720,5
64526bd5d9009be332a55698,40%,4,1,878206,11,12,2,296,82%,null,Real Madrid,541,27,6-0,5,6,2,7,Away,720,Valladolid,362,12,541,1
64526bdd86aced0fcf31cf30,42%,1,4,878118,15,3,1,303,77%,null,Celta Vigo,538,18,1-0,6,4,3,2,Home,798,Mallorca,396,8,798,2
64526be386aced0fcf31cf3e,29%,1,2,878069,16,2,2,178,74%,null,Villarreal,533,13,0-2,5,1,5,2,Away,798,Mallorca,242,7,798,6
64526be586aced0fcf31cf41,58%,1,2,878122,12,2,3,369,78%,null,Cadiz,724,19,2-0,5,6,2,4,Away,798,Mallorca,475,9,724,2
64526bfc06eac0ed960637c2,46%,3,4,877973,14,2,3,233,71%,null,Rayo Vallecano,728,4,2-1,8,4,6,5,Home,727,Osasuna,329,13,727,2
64526c0206eac0ed960637d1,39%,5,10,877987,9,2,3,234,72%,null,Almeria,723,5,0-1,14,6,4,1,Away,727,Osasuna,323,15,727,2
64526c0206eac0ed960637d2,36%,null,2,878010,13,3,null,281,80%,1,Real Madrid,541,7,1-1,6,6,2,2,Away,727,Osasuna,350,8,-1,2
64526c0606eac0ed960637da,50%,3,4,878151,16,4,1,281,77%,null,Valladolid,720,21,0-0,7,8,4,8,Away,727,Osasuna,366,15,-1,3
64526c0fc3be2bc67c60f7ea,58%,2,5,878079,19,3,4,428,84%,null,Celta Vigo,538,14,0-0,5,5,3,5,Home,728,Rayo Vallecano,512,10,-1,7
64526c10c3be2bc67c60f7ec,54%,6,3,878116,11,5,5,350,75%,null,Real Sociedad,548,18,0-2,9,6,2,5,Home,728,Rayo Vallecano,466,14,548,null
64526c13c3be2bc67c60f7f6,54%,1,null,877973,16,3,2,302,78%,null,Osasuna,727,4,2-1,2,1,3,3,Away,728,Rayo Vallecano,389,5,727,2
64526c2a97599a2a2b20bb72,43%,2,2,878026,11,4,3,345,83%,null,Barcelona,529,9,3-1,6,2,4,2,Home,541,Real Madrid,414,8,541,2
64526c2f97599a2a2b20bb81,64%,10,7,877966,12,3,6,499,90%,null,Espanyol,540,3,1-3,12,3,6,7,Away,541,Real Madrid,555,19,541,null
64526c3397599a2a2b20bb8a,53%,3,5,878157,7,4,5,437,86%,null,Osasuna,727,22,0-2,7,2,6,4,Away,541,Real Madrid,506,11,541,2
64526c42e8008754b6f1dff6,55%,6,7,877974,18,6,4,343,78%,null,Atletico Madrid,530,4,1-1,8,1,5,4,Home,548,Real Sociedad,437,12,-1,5
64526c49e8008754b6f1e009,46%,1,6,878023,17,2,1,312,79%,null,Celta Vigo,538,9,1-2,6,1,6,2,Away,548,Real Sociedad,396,8,548,7
64526c53ac55677752a613be,61%,3,5,878006,9,4,2,556,88%,null,Atletico Madrid,530,7,0-2,5,8,3,9,Home,536,Sevilla,629,14,530,3
64526b9c75dca6a696447c45,36%,3,5,878169,13,3,null,225,69%,null,Villarreal,533,23,2-1,6,2,3,2,Away,546,Getafe,327,8,533,1
64526bc9d9009be332a55681,51%,null,8,878068,9,1,2,344,85%,null,Elche,797,13,2-1,12,5,11,4,Home,720,Valladolid,407,16,720,2
64526bcad9009be332a55684,53%,1,4,878130,14,2,1,326,81%,null,Valencia,532,19,1-0,6,6,6,7,Home,720,Valladolid,402,13,720,3
64526bd0d9009be332a5568b,39%,1,2,877956,10,1,4,225,74%,1,Sevilla,536,2,1-1,2,2,3,4,Away,720,Valladolid,303,6,-1,2
64526bd2d9009be332a55692,58%,3,2,878094,17,3,null,410,81%,null,Mallorca,798,16,1-0,5,5,1,4,Away,720,Valladolid,507,9,798,3
64526be086aced0fcf31cf36,49%,null,2,878238,15,null,4,287,72%,null,Getafe,546,30,3-1,8,4,4,null,Home,798,Mallorca,398,8,798,2
64526bfb06eac0ed960637c0,34%,4,5,877947,16,2,5,201,79%,null,Sevilla,536,1,2-1,4,3,5,8,Home,727,Osasuna,255,12,727,5
64526bfc06eac0ed960637c1,56%,5,2,877960,11,2,null,313,76%,null,Cadiz,724,2,2-0,11,8,3,5,Home,727,Osasuna,413,16,727,2
64526bff06eac0ed960637ca,47%,1,5,878157,17,4,1,378,85%,null,Real Madrid,541,22,0-2,5,6,4,6,Home,727,Osasuna,445,11,541,3
64526c0cc3be2bc67c60f7e4,65%,11,7,877971,11,2,1,449,84%,null,Mallorca,798,3,0-2,8,4,null,7,Home,728,Rayo Vallecano,536,15,798,1
64526c0dc3be2bc67c60f7e5,46%,3,7,877986,22,3,1,206,71%,null,Valencia,532,5,2-1,8,5,6,6,Home,728,Rayo Vallecano,289,14,728,5
64526c2997599a2a2b20bb70,68%,7,4,877991,7,1,null,596,92%,null,Mallorca,798,5,4-1,6,8,7,16,Home,541,Real Madrid,649,22,541,3
64526c2a97599a2a2b20bb73,56%,6,4,878043,9,1,1,579,91%,null,Sevilla,536,11,3-1,7,6,6,11,Home,541,Real Madrid,638,18,541,1
64526c3097599a2a2b20bb83,66%,4,4,878015,5,2,2,666,90%,null,Getafe,546,8,0-1,8,11,4,11,Away,541,Real Madrid,740,19,541,null
64526c3297599a2a2b20bb88,50%,2,2,878112,10,3,2,401,86%,null,Athletic Club,531,18,0-2,7,4,4,3,Away,541,Real Madrid,467,10,541,2
64526c45e8008754b6f1dffd,58%,3,4,878107,20,1,4,417,82%,null,Athletic Club,531,17,3-1,9,3,5,2,Home,548,Real Sociedad,506,11,548,5
64526c5bac55677752a613d3,56%,null,6,878084,13,4,1,495,84%,1,Celta Vigo,538,15,1-1,3,2,5,4,Away,536,Sevilla,587,7,-1,4
64526c5cac55677752a613d6,42%,2,3,878158,6,4,7,260,77%,null,Rayo Vallecano,728,22,1-1,3,3,2,4,Away,536,Sevilla,337,7,-1,1
64526c5cac55677752a613d7,53%,1,3,878172,11,2,1,514,89%,1,Atletico Madrid,530,24,6-1,5,6,1,3,Away,536,Sevilla,577,8,530,4
64526c691d0c49ad78be889f,54%,7,7,877986,11,5,2,266,77%,null,Rayo Vallecano,728,5,2-1,13,6,4,4,Away,532,Valencia,345,17,728,2
64526c6a1d0c49ad78be88a2,36%,3,6,878035,26,4,1,208,76%,null,Sevilla,536,10,1-1,9,5,5,4,Away,532,Valencia,273,13,-1,6
64526c7857e05d08afd1d66e,64%,3,6,878169,9,2,1,495,82%,null,Getafe,546,23,2-1,7,3,5,4,Home,533,Villareal,605,11,533,0
64526c7f57e05d08afd1d681,45%,3,1,878196,7,2,3,310,78%,null,Osasuna,727,26,0-3,7,3,6,5,Away,533,Villareal,397,12,533,2
64526c7757e05d08afd1d66c,62%,2,5,878131,11,2,6,435,81%,null,Rayo Vallecano,728,19,0-1,5,7,3,7,Home,533,Villareal,538,12,728,2
64526c7b57e05d08afd1d676,65%,2,4,877965,19,2,0,408,85%,null,Getafe,546,3,0-0,8,3,6,3,Away,533,Villareal,480,11,-1,5
64526c7e57e05d08afd1d67f,55%,1,4,878155,8,1,1,397,86%,1,Mallorca,798,22,4-2,4,3,4,4,Away,533,Villareal,460,8,798,null
65d316ff0f289856bb87861a,54%,5,4,878286,11,3,1,341,83%,null,Mallorca,798,35,3-0,5,4,3,7,Home,723,Almeria,411,12,723,1
65d317000f289856bb87861b,49%,6,2,878308,11,2,0,284,77%,null,Valladolid,720,37,0-0,16,10,7,7,Home,723,Almeria,370,23,-1,0
65d31735d27cfd36dc510b4c,63%,6,13,878262,13,1,2,430,81%,1,Real Betis,543,33,0-1,15,9,6,6,Home,531,Athletic Club,531,21,543,1
65d31735d27cfd36dc510b4d,48%,3,8,878282,17,2,0,347,81%,null,Celta Vigo,538,35,2-1,9,4,3,1,Home,531,Athletic Club,431,10,531,4
65d31736d27cfd36dc510b4e,64%,10,19,878302,7,1,1,462,87%,null,Elche,797,37,0-1,19,9,8,8,Home,531,Athletic Club,533,27,797,1
65d317c292278ebfa3358845,57%,2,7,878274,11,3,3,387,82%,null,Athletic Club,531,34,5-1,10,4,11,7,Home,533,Villareal,471,17,533,4
65d317c292278ebfa3358846,65%,3,7,878299,14,8,1,489,86%,null,Cadiz,724,36,2-0,7,3,7,6,Home,533,Villareal,567,13,533,1
65d317c292278ebfa3358847,66%,3,12,878316,9,1,2,552,90%,0,Atletico Madrid,530,38,2-2,10,12,7,12,Home,533,Villareal,610,22,-1,3
65d61dd2071109d21813dddb,61%,5,5,878263,12,0,2,540,89%,null,Cadiz,724,33,5-1,16,5,8,2,Home,530,Atletico Madrid,604,18,530,3
65d61dd2071109d21813dddc,54%,4,8,878283,6,2,5,466,85%,null,Osasuna,727,35,3-0,9,6,5,6,Home,530,Atletico Madrid,548,15,530,0
65d61dd3071109d21813dddd,50%,3,6,878303,8,4,2,428,83%,null,Real Sociedad,548,37,2-1,7,3,5,4,Home,530,Atletico Madrid,514,11,530,2